Entity,Year,Predicted Life Expectancy,Projected CO2 per capita,Projected GDP per capita
Afghanistan,2026,55.25,0.2421,2227.72
Afghanistan,2027,55.89,0.2386,2178.44
Afghanistan,2028,55.26,0.2351,2129.15
Afghanistan,2029,56.45,0.2316,2079.86
Afghanistan,2030,55.76,0.228,2030.58
Afghanistan,2031,56.48,0.2245,1981.29
Afghanistan,2032,56.45,0.221,1932.0
Afghanistan,2033,56.77,0.2175,1882.71
Afghanistan,2034,57.04,0.214,1833.43
Afghanistan,2035,57.04,0.2105,1784.14
Albania,2026,78.14,1.7052,21236.34
Albania,2027,78.02,1.7042,21856.84
Albania,2028,78.02,1.7032,22477.35
Albania,2029,78.02,1.7021,23097.86
Albania,2030,78.02,1.7011,23718.37
Albania,2031,78.02,1.7001,24338.87
Albania,2032,78.02,1.6991,24959.38
Albania,2033,79.22,1.6981,25579.89
Albania,2034,79.22,1.6971,26200.4
Albania,2035,79.12,1.6961,26820.9
Algeria,2026,71.28,4.5794,15174.65
Algeria,2027,70.59,4.6517,15204.47
Algeria,2028,70.35,4.7241,15234.3
Algeria,2029,70.35,4.7964,15264.12
Algeria,2030,68.66,4.8688,15293.94
Algeria,2031,71.23,4.9411,15323.77
Algeria,2032,71.5,5.0135,15353.59
Algeria,2033,71.5,5.0859,15383.41
Algeria,2034,71.5,5.1582,15413.23
Algeria,2035,71.5,5.2306,15443.06
Andorra,2026,81.96,5.2203,64088.03
Andorra,2027,82.07,5.1364,64425.03
Andorra,2028,82.07,5.0526,64762.02
Andorra,2029,82.07,4.9687,65099.02
Andorra,2030,78.52,4.8848,65436.02
Andorra,2031,82.06,4.801,65773.02
Andorra,2032,82.06,4.7171,66110.02
Andorra,2033,82.9,4.6332,66447.02
Andorra,2034,82.48,4.5494,66784.02
Andorra,2035,81.9,4.4655,67121.02
Angola,2026,46.89,0.4378,8266.62
Angola,2027,42.95,0.4006,8055.02
Angola,2028,45.06,0.3635,7843.42
Angola,2029,49.59,0.3263,7631.83
Angola,2030,53.4,0.2892,7420.23
Angola,2031,54.56,0.252,7208.63
Angola,2032,62.11,0.2148,6997.04
Angola,2033,62.72,0.1777,6785.44
Angola,2034,61.91,0.1405,6573.84
Angola,2035,61.05,0.1034,6362.25
Antigua and Barbuda,2026,75.63,7.0264,27780.66
Antigua and Barbuda,2027,75.63,7.0672,27893.41
Antigua and Barbuda,2028,75.63,7.108,28006.17
Antigua and Barbuda,2029,75.63,7.1488,28118.92
Antigua and Barbuda,2030,75.63,7.1896,28231.67
Antigua and Barbuda,2031,75.63,7.2304,28344.43
Antigua and Barbuda,2032,75.63,7.2712,28457.18
Antigua and Barbuda,2033,75.63,7.312,28569.93
Antigua and Barbuda,2034,75.63,7.3528,28682.68
Antigua and Barbuda,2035,75.63,7.3936,28795.44
Argentina,2026,73.84,3.7668,26274.24
Argentina,2027,74.84,3.7191,26144.87
Argentina,2028,74.84,3.6713,26015.5
Argentina,2029,74.84,3.6235,25886.13
Argentina,2030,74.84,3.5757,25756.76
Argentina,2031,74.84,3.5279,25627.39
Argentina,2032,74.21,3.4801,25498.02
Argentina,2033,73.64,3.4323,25368.64
Argentina,2034,73.64,3.3845,25239.27
Argentina,2035,73.64,3.3367,25109.9
Armenia,2026,72.25,2.7826,19783.53
Armenia,2027,72.25,2.8593,20373.25
Armenia,2028,73.76,2.936,20962.97
Armenia,2029,73.64,3.0126,21552.69
Armenia,2030,73.64,3.0893,22142.4
Armenia,2031,73.64,3.166,22732.12
Armenia,2032,73.64,3.2426,23321.84
Armenia,2033,73.64,3.3193,23911.56
Armenia,2034,73.64,3.396,24501.28
Armenia,2035,73.64,3.4726,25090.99
Aruba,2026,81.05,0.0,39491.84
Aruba,2027,81.05,0.0,39800.65
Aruba,2028,81.05,0.0,40109.46
Aruba,2029,81.6,0.0,40418.28
Aruba,2030,81.74,0.0,40727.09
Aruba,2031,81.74,0.0,41035.9
Aruba,2032,81.74,0.0,41344.72
Aruba,2033,81.74,0.0,41653.53
Aruba,2034,81.74,0.0,41962.34
Aruba,2035,81.82,0.0,42271.15
Australia,2026,78.39,13.8368,61771.58
Australia,2027,78.39,13.5596,62318.85
Australia,2028,78.45,13.2823,62866.13
Australia,2029,78.45,13.0051,63413.4
Australia,2030,78.45,12.7279,63960.67
Australia,2031,78.74,12.4506,64507.95
Australia,2032,78.04,12.1734,65055.22
Australia,2033,77.99,11.8962,65602.5
Australia,2034,78.05,11.6189,66149.77
Australia,2035,77.35,11.3417,66697.05
Austria,2026,82.5,6.419,65510.86
Austria,2027,82.12,6.2993,65863.12
Austria,2028,82.14,6.1796,66215.39
Austria,2029,81.96,6.0598,66567.66
Austria,2030,81.83,5.9401,66919.93
Austria,2031,81.99,5.8203,67272.2
Austria,2032,81.99,5.7006,67624.46
Austria,2033,81.99,5.5809,67976.73
Austria,2034,76.22,5.4611,68329.0
Austria,2035,81.18,5.3414,68681.27
Azerbaijan,2026,73.64,4.0988,20754.94
Azerbaijan,2027,73.64,4.1536,20825.11
Azerbaijan,2028,73.64,4.2084,20895.27
Azerbaijan,2029,73.95,4.2632,20965.43
Azerbaijan,2030,73.95,4.318,21035.59
Azerbaijan,2031,73.37,4.3728,21105.75
Azerbaijan,2032,73.37,4.4276,21175.91
Azerbaijan,2033,73.37,4.4824,21246.07
Azerbaijan,2034,73.64,4.5372,21316.23
Azerbaijan,2035,72.91,4.592,21386.39
Bahamas,2026,75.69,7.1341,32439.33
Bahamas,2027,75.69,7.2383,32425.97
Bahamas,2028,75.69,7.3425,32412.6
Bahamas,2029,75.69,7.4467,32399.24
Bahamas,2030,75.69,7.5509,32385.87
Bahamas,2031,75.69,7.6551,32372.51
Bahamas,2032,75.69,7.7593,32359.15
Bahamas,2033,75.69,7.8636,32345.78
Bahamas,2034,75.69,7.9678,32332.42
Bahamas,2035,75.69,8.072,32319.05
Bahrain,2026,78.28,24.4923,58102.04
Bahrain,2027,78.28,24.5666,58463.02
Bahrain,2028,78.28,24.6409,58824.0
Bahrain,2029,77.34,24.7152,59184.98
Bahrain,2030,77.34,24.7895,59545.96
Bahrain,2031,77.69,24.8638,59906.94
Bahrain,2032,77.69,24.938,60267.92
Bahrain,2033,77.69,25.0123,60628.9
Bahrain,2034,77.22,25.0866,60989.88
Bahrain,2035,77.53,25.1609,61350.86
Bangladesh,2026,66.17,0.7029,8963.72
Bangladesh,2027,65.94,0.7247,9275.01
Bangladesh,2028,65.13,0.7465,9586.3
Bangladesh,2029,67.48,0.7683,9897.6
Bangladesh,2030,67.48,0.7901,10208.89
Bangladesh,2031,68.08,0.8119,10520.18
Bangladesh,2032,68.37,0.8337,10831.47
Bangladesh,2033,67.8,0.8555,11142.76
Bangladesh,2034,68.92,0.8773,11454.05
Bangladesh,2035,69.76,0.8991,11765.34
Barbados,2026,72.54,4.0007,18767.52
Barbados,2027,72.39,3.8899,18565.39
Barbados,2028,73.03,3.779,18363.26
Barbados,2029,72.19,3.6682,18161.13
Barbados,2030,72.19,3.5574,17959.0
Barbados,2031,72.19,3.4466,17756.87
Barbados,2032,72.19,3.3357,17554.74
Barbados,2033,72.19,3.2249,17352.61
Barbados,2034,72.19,3.1141,17150.48
Barbados,2035,72.19,3.0033,16948.35
Belarus,2026,75.38,6.2392,28360.59
Belarus,2027,75.53,6.2196,28610.42
Belarus,2028,75.53,6.2,28860.25
Belarus,2029,75.32,6.1803,29110.09
Belarus,2030,75.32,6.1607,29359.92
Belarus,2031,75.32,6.141,29609.75
Belarus,2032,75.32,6.1214,29859.58
Belarus,2033,75.32,6.1018,30109.41
Belarus,2034,75.5,6.0821,30359.24
Belarus,2035,75.5,6.0625,30609.07
Belgium,2026,81.86,7.027,63182.01
Belgium,2027,81.86,6.8495,63665.91
Belgium,2028,81.86,6.672,64149.82
Belgium,2029,82.0,6.4945,64633.72
Belgium,2030,82.0,6.317,65117.62
Belgium,2031,82.14,6.1395,65601.53
Belgium,2032,82.14,5.962,66085.43
Belgium,2033,82.37,5.7845,66569.34
Belgium,2034,82.18,5.607,67053.24
Belgium,2035,81.18,5.4295,67537.14
Belize,2026,70.95,1.9127,11706.64
Belize,2027,70.69,1.9328,11692.84
Belize,2028,70.69,1.9529,11679.04
Belize,2029,70.69,1.973,11665.24
Belize,2030,70.69,1.993,11651.44
Belize,2031,70.69,2.0131,11637.64
Belize,2032,70.69,2.0332,11623.84
Belize,2033,70.69,2.0533,11610.04
Belize,2034,70.69,2.0733,11596.24
Belize,2035,70.69,2.0934,11582.44
Benin,2026,60.77,0.4264,3779.61
Benin,2027,59.93,0.4249,3848.45
Benin,2028,62.29,0.4234,3917.28
Benin,2029,61.56,0.4219,3986.12
Benin,2030,61.41,0.4204,4054.96
Benin,2031,61.43,0.4188,4123.8
Benin,2032,61.43,0.4173,4192.63
Benin,2033,60.08,0.4158,4261.47
Benin,2034,61.3,0.4143,4330.31
Benin,2035,61.2,0.4128,4399.15
Bermuda,2026,80.21,8.9587,91468.86
Bermuda,2027,80.21,9.0002,90881.87
Bermuda,2028,80.21,9.0418,90294.88
Bermuda,2029,79.64,9.0833,89707.89
Bermuda,2030,79.64,9.1249,89120.9
Bermuda,2031,79.64,9.1665,88533.91
Bermuda,2032,79.64,9.208,87946.92
Bermuda,2033,79.64,9.2496,87359.93
Bermuda,2034,79.64,9.2911,86772.94
Bermuda,2035,79.64,9.3327,86185.95
Bhutan,2026,71.74,2.3568,16007.34
Bhutan,2027,71.74,2.4136,16364.44
Bhutan,2028,71.74,2.4703,16721.55
Bhutan,2029,72.23,2.527,17078.66
Bhutan,2030,72.23,2.5838,17435.76
Bhutan,2031,72.23,2.6405,17792.87
Bhutan,2032,72.23,2.6973,18149.98
Bhutan,2033,71.67,2.754,18507.08
Bhutan,2034,72.35,2.8107,18864.19
Bhutan,2035,72.35,2.8675,19221.3
Bolivia,2026,70.85,2.1036,12530.84
Bolivia,2027,70.85,2.1378,12706.23
Bolivia,2028,70.17,2.172,12881.62
Bolivia,2029,69.97,2.2062,13057.01
Bolivia,2030,68.83,2.2404,13232.4
Bolivia,2031,68.83,2.2746,13407.79
Bolivia,2032,71.58,2.3089,13583.18
Bolivia,2033,71.58,2.3431,13758.57
Bolivia,2034,71.61,2.3773,13933.96
Bolivia,2035,72.15,2.4115,14109.34
Bosnia and Herzegovina,2026,74.05,6.7179,21012.79
Bosnia and Herzegovina,2027,74.05,6.7832,21595.12
Bosnia and Herzegovina,2028,74.05,6.8485,22177.44
Bosnia and Herzegovina,2029,74.05,6.9139,22759.77
Bosnia and Herzegovina,2030,74.05,6.9792,23342.09
Bosnia and Herzegovina,2031,74.05,7.0446,23924.42
Bosnia and Herzegovina,2032,74.05,7.1099,24506.75
Bosnia and Herzegovina,2033,74.05,7.1752,25089.07
Bosnia and Herzegovina,2034,75.1,7.2406,25671.4
Bosnia and Herzegovina,2035,75.1,7.3059,26253.72
Botswana,2026,72.25,3.4019,19850.49
Botswana,2027,72.25,3.4713,20171.1
Botswana,2028,72.92,3.5407,20491.71
Botswana,2029,73.45,3.6101,20812.33
Botswana,2030,73.76,3.6795,21132.94
Botswana,2031,73.14,3.7489,21453.55
Botswana,2032,73.83,3.8183,21774.17
Botswana,2033,73.83,3.8876,22094.78
Botswana,2034,73.83,3.957,22415.39
Botswana,2035,73.83,4.0264,22736.01
Brazil,2026,72.23,2.3216,18320.43
Brazil,2027,72.23,2.3149,18328.72
Brazil,2028,72.23,2.3083,18337.02
Brazil,2029,72.23,2.3016,18345.31
Brazil,2030,72.23,2.2949,18353.61
Brazil,2031,72.17,2.2883,18361.9
Brazil,2032,72.17,2.2816,18370.2
Brazil,2033,71.89,2.2749,18378.49
Brazil,2034,71.89,2.2683,18386.79
Brazil,2035,71.89,2.2616,18395.08
Brunei,2026,76.71,26.3416,72305.2
Brunei,2027,77.77,26.7668,71295.94
Brunei,2028,76.54,27.1921,70286.68
Brunei,2029,75.9,27.6174,69277.42
Brunei,2030,75.56,28.0427,68268.17
Brunei,2031,75.56,28.4679,67258.91
Brunei,2032,71.81,28.8932,66249.65
Brunei,2033,74.26,29.3185,65240.39
Brunei,2034,76.04,29.7438,64231.13
Brunei,2035,76.04,30.169,63221.87
Bulgaria,2026,75.6,5.7356,34881.67
Bulgaria,2027,74.51,5.6835,35749.53
Bulgaria,2028,78.25,5.6314,36617.39
Bulgaria,2029,78.07,5.5793,37485.25
Bulgaria,2030,75.32,5.5272,38353.11
Bulgaria,2031,77.78,5.475,39220.96
Bulgaria,2032,78.51,5.4229,40088.82
Bulgaria,2033,79.3,5.3708,40956.68
Bulgaria,2034,79.3,5.3187,41824.54
Bulgaria,2035,79.57,5.2666,42692.4
Burkina Faso,2026,63.99,0.3466,2697.22
Burkina Faso,2027,62.71,0.3606,2748.52
Burkina Faso,2028,62.71,0.3745,2799.81
Burkina Faso,2029,62.71,0.3884,2851.1
Burkina Faso,2030,61.82,0.4023,2902.39
Burkina Faso,2031,60.1,0.4162,2953.68
Burkina Faso,2032,64.04,0.4301,3004.98
Burkina Faso,2033,62.64,0.4441,3056.27
Burkina Faso,2034,63.45,0.458,3107.56
Burkina Faso,2035,63.45,0.4719,3158.85
Burundi,2026,49.19,0.0723,1058.07
Burundi,2027,48.43,0.0749,1062.01
Burundi,2028,47.62,0.0776,1065.95
Burundi,2029,47.62,0.0802,1069.88
Burundi,2030,48.03,0.0828,1073.82
Burundi,2031,47.94,0.0854,1077.76
Burundi,2032,47.94,0.0881,1081.7
Burundi,2033,48.97,0.0907,1085.64
Burundi,2034,49.19,0.0933,1089.58
Burundi,2035,49.97,0.0959,1093.52
Cambodia,2026,66.56,1.5498,7621.95
Cambodia,2027,68.27,1.631,7861.51
Cambodia,2028,68.59,1.7122,8101.08
Cambodia,2029,68.85,1.7934,8340.65
Cambodia,2030,70.61,1.8747,8580.21
Cambodia,2031,70.09,1.9559,8819.78
Cambodia,2032,70.09,2.0371,9059.35
Cambodia,2033,70.09,2.1184,9298.91
Cambodia,2034,69.41,2.1996,9538.48
Cambodia,2035,67.9,2.2808,9778.05
Cameroon,2026,62.05,0.3423,5113.8
Cameroon,2027,62.86,0.3375,5161.19
Cameroon,2028,62.86,0.3327,5208.58
Cameroon,2029,64.91,0.3278,5255.97
Cameroon,2030,64.91,0.323,5303.35
Cameroon,2031,64.91,0.3181,5350.74
Cameroon,2032,65.01,0.3133,5398.13
Cameroon,2033,66.69,0.3085,5445.52
Cameroon,2034,67.36,0.3036,5492.91
Cameroon,2035,66.58,0.2988,5540.3
Canada,2026,79.0,13.4315,59249.1
Canada,2027,79.0,13.2462,59627.42
Canada,2028,79.0,13.0609,60005.73
Canada,2029,79.0,12.8756,60384.04
Canada,2030,78.51,12.6903,60762.36
Canada,2031,78.51,12.505,61140.67
Canada,2032,77.98,12.3197,61518.98
Canada,2033,77.98,12.1344,61897.29
Canada,2034,78.48,11.9491,62275.61
Canada,2035,77.88,11.7638,62653.92
Cape Verde,2026,67.76,1.1371,9121.47
Cape Verde,2027,67.76,1.1436,9246.87
Cape Verde,2028,67.76,1.1501,9372.26
Cape Verde,2029,67.76,1.1565,9497.66
Cape Verde,2030,67.41,1.163,9623.06
Cape Verde,2031,67.28,1.1694,9748.45
Cape Verde,2032,67.28,1.1759,9873.85
Cape Verde,2033,67.28,1.1824,9999.25
Cape Verde,2034,67.28,1.1888,10124.64
Cape Verde,2035,67.28,1.1953,10250.04
Central African Republic,2026,50.05,0.086,953.7
Central African Republic,2027,50.17,0.0896,929.05
Central African Republic,2028,48.35,0.0931,904.4
Central African Republic,2029,49.79,0.0967,879.75
Central African Republic,2030,49.88,0.1003,855.1
Central African Republic,2031,40.0,0.1039,830.45
Central African Republic,2032,53.81,0.1074,805.8
Central African Republic,2033,53.81,0.111,781.15
Central African Republic,2034,54.52,0.1146,756.5
Central African Republic,2035,49.74,0.1182,731.85
Chad,2026,56.49,0.1681,2394.48
Chad,2027,56.24,0.171,2371.04
Chad,2028,57.39,0.174,2347.59
Chad,2029,57.39,0.1769,2324.15
Chad,2030,52.59,0.1798,2300.71
Chad,2031,54.5,0.1828,2277.27
Chad,2032,53.73,0.1857,2253.83
Chad,2033,53.82,0.1887,2230.39
Chad,2034,54.32,0.1916,2206.95
Chad,2035,54.46,0.1945,2183.51
Chile,2026,75.3,4.3838,30837.37
Chile,2027,75.3,4.3839,31195.71
Chile,2028,75.3,4.384,31554.05
Chile,2029,75.3,4.3841,31912.39
Chile,2030,75.3,4.3842,32270.73
Chile,2031,75.3,4.3842,32629.07
Chile,2032,75.3,4.3843,32987.41
Chile,2033,75.3,4.3844,33345.76
Chile,2034,75.3,4.3845,33704.1
Chile,2035,75.3,4.3845,34062.44
China,2026,74.32,8.6113,25224.74
China,2027,76.06,8.7458,26154.37
China,2028,72.14,8.8802,27084.0
China,2029,75.89,9.0147,28013.63
China,2030,75.89,9.1492,28943.26
China,2031,75.89,9.2837,29872.89
China,2032,76.0,9.4182,30802.52
China,2033,76.0,9.5527,31732.15
China,2034,76.0,9.6871,32661.78
China,2035,76.0,9.8216,33591.41
Colombia,2026,74.23,1.9278,19250.42
Colombia,2027,74.23,1.9388,19538.89
Colombia,2028,73.21,1.9497,19827.36
Colombia,2029,73.21,1.9607,20115.83
Colombia,2030,73.21,1.9716,20404.3
Colombia,2031,75.28,1.9826,20692.77
Colombia,2032,75.65,1.9936,20981.23
Colombia,2033,75.65,2.0045,21269.7
Colombia,2034,75.53,2.0155,21558.17
Colombia,2035,74.99,2.0264,21846.64
Comoros,2026,65.19,0.6808,3532.31
Comoros,2027,65.19,0.713,3552.36
Comoros,2028,64.97,0.7452,3572.41
Comoros,2029,64.78,0.7775,3592.46
Comoros,2030,64.78,0.8097,3612.52
Comoros,2031,59.46,0.8419,3632.57
Comoros,2032,66.01,0.8742,3652.62
Comoros,2033,66.01,0.9064,3672.67
Comoros,2034,64.91,0.9387,3692.73
Comoros,2035,65.03,0.9709,3712.78
Congo,2026,64.45,1.3722,5506.44
Congo,2027,65.01,1.3896,5286.65
Congo,2028,65.01,1.407,5066.87
Congo,2029,64.84,1.4244,4847.09
Congo,2030,65.44,1.4418,4627.3
Congo,2031,65.32,1.4591,4407.52
Congo,2032,64.51,1.4765,4187.74
Congo,2033,64.75,1.4939,3967.95
Congo,2034,64.75,1.5113,3748.17
Congo,2035,64.32,1.5287,3528.39
Costa Rica,2026,79.36,1.5076,26745.12
Costa Rica,2027,78.53,1.5004,27247.53
Costa Rica,2028,79.15,1.4933,27749.94
Costa Rica,2029,79.15,1.4861,28252.35
Costa Rica,2030,79.15,1.4789,28754.76
Costa Rica,2031,79.15,1.4718,29257.16
Costa Rica,2032,79.15,1.4646,29759.57
Costa Rica,2033,79.33,1.4575,30261.98
Costa Rica,2034,79.33,1.4503,30764.39
Costa Rica,2035,79.33,1.4431,31266.8
Cote d'Ivoire,2026,64.88,0.5097,7028.62
Cote d'Ivoire,2027,64.88,0.522,7208.64
Cote d'Ivoire,2028,63.14,0.5343,7388.67
Cote d'Ivoire,2029,59.75,0.5466,7568.7
Cote d'Ivoire,2030,59.75,0.5589,7748.73
Cote d'Ivoire,2031,62.81,0.5712,7928.75
Cote d'Ivoire,2032,62.27,0.5835,8108.78
Cote d'Ivoire,2033,63.23,0.5958,8288.81
Cote d'Ivoire,2034,65.42,0.608,8468.84
Cote d'Ivoire,2035,64.96,0.6203,8648.86
Croatia,2026,80.09,4.3035,40975.17
Croatia,2027,80.09,4.2822,41847.97
Croatia,2028,80.17,4.2609,42720.77
Croatia,2029,80.54,4.2395,43593.58
Croatia,2030,80.67,4.2182,44466.38
Croatia,2031,80.67,4.1969,45339.18
Croatia,2032,80.67,4.1755,46211.98
Croatia,2033,81.1,4.1542,47084.78
Croatia,2034,81.16,4.1329,47957.58
Croatia,2035,81.16,4.1115,48830.38
Curacao,2026,73.66,5.5876,23807.76
Curacao,2027,73.64,3.4431,23215.51
Curacao,2028,77.29,1.2987,22623.26
Curacao,2029,79.0,0.0,22031.01
Curacao,2030,79.0,0.0,21438.75
Curacao,2031,78.81,0.0,20846.5
Curacao,2032,75.44,0.0,20254.25
Curacao,2033,75.53,0.0,19662.0
Curacao,2034,75.53,0.0,19069.75
Curacao,2035,75.34,0.0,18477.5
Cyprus,2026,82.05,4.6181,50012.95
Cyprus,2027,81.47,4.4839,50762.44
Cyprus,2028,80.98,4.3498,51511.94
Cyprus,2029,81.85,4.2156,52261.43
Cyprus,2030,81.85,4.0814,53010.92
Cyprus,2031,81.85,3.9472,53760.42
Cyprus,2032,81.69,3.813,54509.91
Cyprus,2033,81.5,3.6788,55259.4
Cyprus,2034,81.61,3.5446,56008.9
Cyprus,2035,81.07,3.4105,56758.39
Czechia,2026,81.31,7.923,51330.8
Czechia,2027,81.31,7.7265,52136.9
Czechia,2028,81.45,7.53,52943.0
Czechia,2029,81.53,7.3335,53749.11
Czechia,2030,81.53,7.137,54555.21
Czechia,2031,81.53,6.9404,55361.31
Czechia,2032,81.72,6.7439,56167.41
Czechia,2033,81.86,6.5474,56973.52
Czechia,2034,81.86,6.3509,57779.62
Czechia,2035,81.89,6.1544,58585.72
Democratic Republic of Congo,2026,54.65,0.0513,1593.24
Democratic Republic of Congo,2027,54.65,0.052,1617.06
Democratic Republic of Congo,2028,55.45,0.0527,1640.87
Democratic Republic of Congo,2029,55.45,0.0534,1664.69
Democratic Republic of Congo,2030,57.28,0.054,1688.5
Democratic Republic of Congo,2031,51.53,0.0547,1712.32
Democratic Republic of Congo,2032,51.53,0.0554,1736.13
Democratic Republic of Congo,2033,51.95,0.0561,1759.95
Democratic Republic of Congo,2034,53.31,0.0568,1783.76
Democratic Republic of Congo,2035,52.86,0.0575,1807.58
Denmark,2026,81.83,3.4677,72086.41
Denmark,2027,81.43,3.1712,72876.13
Denmark,2028,81.43,2.8747,73665.85
Denmark,2029,81.47,2.5782,74455.58
Denmark,2030,81.4,2.2817,75245.3
Denmark,2031,81.84,1.9852,76035.02
Denmark,2032,83.11,1.6887,76824.75
Denmark,2033,82.81,1.3922,77614.47
Denmark,2034,81.75,1.0957,78404.19
Denmark,2035,84.79,0.7993,79193.92
Djibouti,2026,64.88,0.5115,7011.39
Djibouti,2027,64.88,0.5195,7198.86
Djibouti,2028,64.88,0.5275,7386.34
Djibouti,2029,59.96,0.5355,7573.82
Djibouti,2030,59.75,0.5435,7761.3
Djibouti,2031,60.57,0.5514,7948.78
Djibouti,2032,60.03,0.5594,8136.25
Djibouti,2033,63.56,0.5674,8323.73
Djibouti,2034,65.42,0.5754,8511.21
Djibouti,2035,64.96,0.5834,8698.69
Dominica,2026,71.74,2.4129,16599.72
Dominica,2027,71.74,2.4128,16550.26
Dominica,2028,71.74,2.4127,16500.81
Dominica,2029,71.74,2.4125,16451.35
Dominica,2030,71.74,2.4124,16401.9
Dominica,2031,71.74,2.4123,16352.45
Dominica,2032,71.74,2.4121,16302.99
Dominica,2033,71.74,2.412,16253.54
Dominica,2034,71.74,2.4119,16204.09
Dominica,2035,71.74,2.4118,16154.63
Dominican Republic,2026,73.64,2.8743,25339.95
Dominican Republic,2027,74.84,2.9308,26012.7
Dominican Republic,2028,74.95,2.9872,26685.44
Dominican Republic,2029,75.28,3.0436,27358.19
Dominican Republic,2030,75.28,3.1001,28030.93
Dominican Republic,2031,75.28,3.1565,28703.68
Dominican Republic,2032,75.28,3.2129,29376.42
Dominican Republic,2033,75.28,3.2694,30049.17
Dominican Republic,2034,75.53,3.3258,30721.91
Dominican Republic,2035,75.53,3.3822,31394.65
East Timor,2026,67.18,0.5556,5987.81
East Timor,2027,60.89,0.5642,6114.74
East Timor,2028,67.63,0.5729,6241.67
East Timor,2029,67.63,0.5815,6368.6
East Timor,2030,67.43,0.5902,6495.53
East Timor,2031,65.86,0.5989,6622.46
East Timor,2032,65.86,0.6075,6749.39
East Timor,2033,65.68,0.6162,6876.32
East Timor,2034,66.5,0.6248,7003.25
East Timor,2035,66.5,0.6335,7130.18
Ecuador,2026,71.14,2.202,14775.21
Ecuador,2027,71.14,2.1852,14917.31
Ecuador,2028,71.14,2.1685,15059.42
Ecuador,2029,71.96,2.1518,15201.53
Ecuador,2030,71.96,2.135,15343.64
Ecuador,2031,71.96,2.1183,15485.74
Ecuador,2032,71.96,2.1016,15627.85
Ecuador,2033,71.96,2.0849,15769.96
Ecuador,2034,72.29,2.0681,15912.07
Ecuador,2035,72.29,2.0514,16054.17
Egypt,2026,71.89,2.2371,16965.78
Egypt,2027,71.89,2.2301,17243.44
Egypt,2028,72.15,2.223,17521.11
Egypt,2029,72.15,2.2159,17798.77
Egypt,2030,72.15,2.2088,18076.43
Egypt,2031,72.35,2.2017,18354.1
Egypt,2032,72.35,2.1947,18631.76
Egypt,2033,72.5,2.1876,18909.43
Egypt,2034,72.5,2.1805,19187.09
Egypt,2035,72.5,2.1734,19464.75
El Salvador,2026,69.42,1.24,11699.6
El Salvador,2027,69.42,1.2556,11886.5
El Salvador,2028,70.75,1.2712,12073.4
El Salvador,2029,70.75,1.2868,12260.3
El Salvador,2030,71.57,1.3025,12447.19
El Salvador,2031,70.91,1.3181,12634.09
El Salvador,2032,70.48,1.3337,12820.99
El Salvador,2033,71.43,1.3493,13007.89
El Salvador,2034,71.43,1.3649,13194.78
El Salvador,2035,71.75,1.3806,13381.68
Equatorial Guinea,2026,68.4,3.4216,8076.49
Equatorial Guinea,2027,66.66,3.3046,6306.03
Equatorial Guinea,2028,66.35,3.1876,4535.57
Equatorial Guinea,2029,67.97,3.0706,2765.11
Equatorial Guinea,2030,67.83,2.9536,994.65
Equatorial Guinea,2031,64.75,2.8366,0.0
Equatorial Guinea,2032,64.21,2.7196,0.0
Equatorial Guinea,2033,63.26,2.6026,0.0
Equatorial Guinea,2034,63.26,2.4856,0.0
Equatorial Guinea,2035,63.26,2.3686,0.0
Estonia,2026,80.76,6.6758,47689.86
Estonia,2027,80.9,6.1833,48713.45
Estonia,2028,79.38,5.6907,49737.04
Estonia,2029,81.19,5.1982,50760.63
Estonia,2030,80.93,4.7057,51784.23
Estonia,2031,81.85,4.2131,52807.82
Estonia,2032,81.66,3.7206,53831.41
Estonia,2033,80.87,3.2281,54855.0
Estonia,2034,79.86,2.7355,55878.59
Estonia,2035,79.53,2.243,56902.18
Eswatini,2026,68.7,0.7977,10792.61
Eswatini,2027,69.04,0.7899,10945.28
Eswatini,2028,69.04,0.7821,11097.94
Eswatini,2029,69.04,0.7744,11250.61
Eswatini,2030,70.22,0.7666,11403.28
Eswatini,2031,70.22,0.7588,11555.94
Eswatini,2032,71.16,0.751,11708.61
Eswatini,2033,71.16,0.7432,11861.27
Eswatini,2034,72.12,0.7354,12013.94
Eswatini,2035,73.47,0.7276,12166.61
Ethiopia,2026,58.8,0.175,3151.7
Ethiopia,2027,59.39,0.1808,3261.78
Ethiopia,2028,59.49,0.1866,3371.86
Ethiopia,2029,59.91,0.1924,3481.94
Ethiopia,2030,59.58,0.1982,3592.01
Ethiopia,2031,58.7,0.2039,3702.09
Ethiopia,2032,59.26,0.2097,3812.17
Ethiopia,2033,59.73,0.2155,3922.25
Ethiopia,2034,58.21,0.2213,4032.32
Ethiopia,2035,58.8,0.2271,4142.4
Faroe Islands,2026,77.74,14.6643,76855.67
Faroe Islands,2027,77.74,14.8122,78251.78
Faroe Islands,2028,77.74,14.9601,79647.89
Faroe Islands,2029,77.74,15.1079,81043.99
Faroe Islands,2030,77.86,15.2558,82440.1
Faroe Islands,2031,77.86,15.4037,83836.21
Faroe Islands,2032,77.86,15.5515,85232.32
Faroe Islands,2033,77.86,15.6994,86628.43
Faroe Islands,2034,77.86,15.8473,88024.53
Faroe Islands,2035,77.86,15.9951,89420.64
Fiji,2026,70.17,1.7706,13336.87
Fiji,2027,70.08,1.8148,13536.57
Fiji,2028,71.31,1.859,13736.28
Fiji,2029,71.14,1.9032,13935.98
Fiji,2030,71.67,1.9474,14135.69
Fiji,2031,71.67,1.9916,14335.39
Fiji,2032,71.67,2.0358,14535.1
Fiji,2033,71.96,2.08,14734.8
Fiji,2034,71.96,2.1242,14934.51
Fiji,2035,71.14,2.1684,15134.21
Finland,2026,80.43,4.8608,57680.7
Finland,2027,81.68,4.4988,57964.7
Finland,2028,81.92,4.1369,58248.71
Finland,2029,82.56,3.7749,58532.71
Finland,2030,81.09,3.4129,58816.72
Finland,2031,79.83,3.0509,59100.72
Finland,2032,79.86,2.6889,59384.72
Finland,2033,80.14,2.3269,59668.73
Finland,2034,81.44,1.9649,59952.73
Finland,2035,82.94,1.6029,60236.73
France,2026,81.69,3.8687,54511.57
France,2027,81.0,3.7469,54847.25
France,2028,81.5,3.6252,55182.93
France,2029,80.87,3.5034,55518.62
France,2030,80.87,3.3817,55854.3
France,2031,80.84,3.2599,56189.98
France,2032,80.84,3.1381,56525.67
France,2033,79.83,3.0164,56861.35
France,2034,79.83,2.8946,57197.03
France,2035,79.83,2.7729,57532.71
Gabon,2026,73.3,1.9988,19080.6
Gabon,2027,74.23,1.9315,19069.54
Gabon,2028,74.72,1.8642,19058.48
Gabon,2029,75.45,1.797,19047.43
Gabon,2030,75.32,1.7297,19036.37
Gabon,2031,75.5,1.6624,19025.31
Gabon,2032,75.73,1.5951,19014.25
Gabon,2033,75.73,1.5278,19003.19
Gabon,2034,75.19,1.4606,18992.13
Gabon,2035,75.19,1.3933,18981.07
Gambia,2026,62.56,0.3223,2822.17
Gambia,2027,62.56,0.3292,2838.26
Gambia,2028,62.56,0.3362,2854.36
Gambia,2029,62.56,0.3431,2870.45
Gambia,2030,62.71,0.35,2886.54
Gambia,2031,62.65,0.357,2902.64
Gambia,2032,62.65,0.3639,2918.73
Gambia,2033,62.57,0.3709,2934.82
Gambia,2034,62.57,0.3778,2950.92
Gambia,2035,62.4,0.3847,2967.01
Georgia,2026,73.64,3.5038,23331.58
Georgia,2027,73.64,3.6075,24083.04
Georgia,2028,73.64,3.7113,24834.49
Georgia,2029,75.03,3.8151,25585.95
Georgia,2030,75.03,3.9189,26337.41
Georgia,2031,75.47,4.0227,27088.86
Georgia,2032,75.47,4.1265,27840.32
Georgia,2033,75.47,4.2303,28591.77
Georgia,2034,75.47,4.334,29343.23
Georgia,2035,74.98,4.4378,30094.69
Germany,2026,77.61,7.0646,66314.43
Germany,2027,81.59,6.8562,66967.03
Germany,2028,81.59,6.6478,67619.64
Germany,2029,81.73,6.4394,68272.24
Germany,2030,81.76,6.231,68924.85
Germany,2031,81.76,6.0226,69577.45
Germany,2032,82.22,5.8142,70230.05
Germany,2033,82.22,5.6058,70882.66
Germany,2034,81.4,5.3974,71535.26
Germany,2035,81.85,5.189,72187.87
Ghana,2026,67.46,0.6913,7501.06
Ghana,2027,62.95,0.7118,7671.9
Ghana,2028,62.73,0.7322,7842.74
Ghana,2029,62.12,0.7527,8013.58
Ghana,2030,64.28,0.7731,8184.42
Ghana,2031,63.19,0.7936,8355.26
Ghana,2032,65.39,0.814,8526.1
Ghana,2033,64.92,0.8345,8696.94
Ghana,2034,64.85,0.855,8867.78
Ghana,2035,65.39,0.8754,9038.62
Greece,2026,75.72,4.0098,32558.35
Greece,2027,75.53,3.7164,32466.37
Greece,2028,75.53,3.423,32374.38
Greece,2029,75.53,3.1295,32282.4
Greece,2030,75.53,2.8361,32190.42
Greece,2031,75.56,2.5427,32098.44
Greece,2032,76.16,2.2493,32006.45
Greece,2033,77.42,1.9559,31914.47
Greece,2034,79.64,1.6625,31822.49
Greece,2035,79.3,1.369,31730.5
Greenland,2026,79.66,9.4783,73318.38
Greenland,2027,79.66,9.4207,74093.39
Greenland,2028,79.66,9.3631,74868.4
Greenland,2029,79.66,9.3055,75643.41
Greenland,2030,78.92,9.2479,76418.43
Greenland,2031,79.42,9.1903,77193.44
Greenland,2032,79.42,9.1327,77968.45
Greenland,2033,79.42,9.0751,78743.46
Greenland,2034,79.99,9.0174,79518.47
Greenland,2035,79.99,8.9598,80293.48
Grenada,2026,72.19,3.0398,17764.07
Grenada,2027,72.19,3.0917,18036.94
Grenada,2028,72.19,3.1436,18309.81
Grenada,2029,72.19,3.1956,18582.68
Grenada,2030,72.35,3.2475,18855.55
Grenada,2031,72.35,3.2994,19128.43
Grenada,2032,72.35,3.3513,19401.3
Grenada,2033,72.35,3.4032,19674.17
Grenada,2034,72.25,3.4551,19947.04
Grenada,2035,72.25,3.507,20219.91
Guatemala,2026,70.91,1.2382,12686.57
Guatemala,2027,71.47,1.2672,12866.2
Guatemala,2028,71.25,1.2961,13045.83
Guatemala,2029,70.31,1.3251,13225.46
Guatemala,2030,71.99,1.354,13405.09
Guatemala,2031,71.93,1.383,13584.72
Guatemala,2032,71.93,1.412,13764.35
Guatemala,2033,72.3,1.4409,13943.98
Guatemala,2034,73.66,1.4699,14123.61
Guatemala,2035,73.66,1.4989,14303.24
Guinea,2026,58.83,0.3407,4226.97
Guinea,2027,61.57,0.3487,4332.41
Guinea,2028,60.98,0.3567,4437.86
Guinea,2029,61.29,0.3647,4543.3
Guinea,2030,61.02,0.3726,4648.74
Guinea,2031,61.17,0.3806,4754.19
Guinea,2032,61.29,0.3886,4859.63
Guinea,2033,60.63,0.3966,4965.07
Guinea,2034,60.62,0.4046,5070.51
Guinea,2035,60.65,0.4125,5175.96
Guinea-Bissau,2026,58.38,0.1848,2706.5
Guinea-Bissau,2027,58.18,0.1928,2743.61
Guinea-Bissau,2028,58.18,0.2007,2780.71
Guinea-Bissau,2029,58.91,0.2087,2817.81
Guinea-Bissau,2030,58.91,0.2166,2854.92
Guinea-Bissau,2031,60.07,0.2246,2892.02
Guinea-Bissau,2032,60.45,0.2325,2929.12
Guinea-Bissau,2033,60.53,0.2405,2966.23
Guinea-Bissau,2034,61.28,0.2484,3003.33
Guinea-Bissau,2035,61.29,0.2564,3040.43
Guyana,2026,77.62,4.9585,36305.94
Guyana,2027,77.44,5.1341,38210.89
Guyana,2028,78.51,5.3098,40115.85
Guyana,2029,78.58,5.4855,42020.81
Guyana,2030,80.57,5.6612,43925.77
Guyana,2031,80.71,5.8369,45830.73
Guyana,2032,80.9,6.0125,47735.68
Guyana,2033,81.14,6.1882,49640.64
Guyana,2034,81.61,6.3639,51545.6
Guyana,2035,81.64,6.5396,53450.56
Haiti,2026,62.28,0.3099,3133.0
Haiti,2027,62.28,0.3149,3114.59
Haiti,2028,62.26,0.3199,3096.19
Haiti,2029,62.26,0.3249,3077.79
Haiti,2030,62.26,0.3299,3059.39
Haiti,2031,62.26,0.335,3040.99
Haiti,2032,62.26,0.34,3022.59
Haiti,2033,62.26,0.345,3004.19
Haiti,2034,62.4,0.35,2985.79
Haiti,2035,62.4,0.355,2967.39
Honduras,2026,65.58,1.1356,6607.99
Honduras,2027,65.58,1.1432,6681.47
Honduras,2028,65.58,1.1508,6754.96
Honduras,2029,65.58,1.1584,6828.45
Honduras,2030,66.14,1.166,6901.93
Honduras,2031,66.59,1.1737,6975.42
Honduras,2032,66.59,1.1813,7048.91
Honduras,2033,66.59,1.1889,7122.39
Honduras,2034,66.59,1.1965,7195.88
Honduras,2035,66.59,1.2041,7269.37
Hong Kong,2026,82.14,4.195,69058.28
Hong Kong,2027,82.14,4.0682,69764.67
Hong Kong,2028,82.37,3.9414,70471.05
Hong Kong,2029,82.37,3.8146,71177.44
Hong Kong,2030,82.18,3.6878,71883.82
Hong Kong,2031,82.18,3.561,72590.21
Hong Kong,2032,81.66,3.4342,73296.6
Hong Kong,2033,81.66,3.3074,74002.98
Hong Kong,2034,81.43,3.1806,74709.37
Hong Kong,2035,81.43,3.0538,75415.75
Hungary,2026,80.22,4.5858,43596.54
Hungary,2027,80.35,4.5628,44635.5
Hungary,2028,80.86,4.5398,45674.47
Hungary,2029,81.21,4.5168,46713.43
Hungary,2030,80.73,4.4938,47752.4
Hungary,2031,80.73,4.4708,48791.36
Hungary,2032,81.43,4.4477,49830.33
Hungary,2033,81.47,4.4247,50869.29
Hungary,2034,81.47,4.4017,51908.25
Hungary,2035,81.61,4.3787,52947.22
Iceland,2026,80.14,8.6023,68351.57
Iceland,2027,80.14,8.4283,69059.71
Iceland,2028,80.63,8.2544,69767.85
Iceland,2029,81.29,8.0805,70475.98
Iceland,2030,81.8,7.9065,71184.12
Iceland,2031,81.8,7.7326,71892.26
Iceland,2032,81.91,7.5587,72600.39
Iceland,2033,81.81,7.3847,73308.53
Iceland,2034,81.81,7.2108,74016.67
Iceland,2035,81.81,7.0369,74724.8
India,2026,68.73,2.215,9863.28
India,2027,67.59,2.2667,10169.22
India,2028,70.34,2.3184,10475.16
India,2029,70.34,2.3701,10781.1
India,2030,70.51,2.4218,11087.04
India,2031,70.51,2.4735,11392.98
India,2032,71.41,2.5252,11698.92
India,2033,71.56,2.5769,12004.86
India,2034,71.56,2.6286,12310.8
India,2035,71.58,2.6803,12616.74
Indonesia,2026,71.9,2.7806,14986.9
Indonesia,2027,71.9,2.843,15363.8
Indonesia,2028,71.9,2.9055,15740.69
Indonesia,2029,71.88,2.968,16117.59
Indonesia,2030,71.88,3.0305,16494.48
Indonesia,2031,71.88,3.093,16871.38
Indonesia,2032,72.19,3.1555,17248.27
Indonesia,2033,72.19,3.218,17625.17
Indonesia,2034,72.19,3.2805,18002.06
Indonesia,2035,72.19,3.343,18378.96
Iran,2026,70.16,9.1026,16303.74
Iran,2027,70.62,9.219,16376.02
Iran,2028,70.62,9.3355,16448.29
Iran,2029,70.67,9.4519,16520.57
Iran,2030,70.67,9.5683,16592.85
Iran,2031,69.66,9.6848,16665.12
Iran,2032,69.66,9.8012,16737.4
Iran,2033,69.35,9.9176,16809.67
Iran,2034,68.45,10.0341,16881.95
Iran,2035,68.94,10.1505,16954.23
Iraq,2026,71.57,5.1133,14390.97
Iraq,2027,71.57,5.207,14492.25
Iraq,2028,71.57,5.3006,14593.53
Iraq,2029,71.57,5.3943,14694.81
Iraq,2030,71.4,5.4879,14796.08
Iraq,2031,72.52,5.5816,14897.36
Iraq,2032,72.52,5.6753,14998.64
Iraq,2033,72.52,5.7689,15099.91
Iraq,2034,72.52,5.8626,15201.19
Iraq,2035,72.52,5.9562,15302.47
Ireland,2026,83.37,6.4436,135043.68
Ireland,2027,83.39,6.2909,140132.3
Ireland,2028,83.42,6.1383,145220.91
Ireland,2029,83.42,5.9856,150309.52
Ireland,2030,83.65,5.8329,155398.14
Ireland,2031,83.6,5.6803,160486.75
Ireland,2032,80.85,5.5276,165575.37
Ireland,2033,82.79,5.375,170663.98
Ireland,2034,83.12,5.2223,175752.59
Ireland,2035,83.23,5.0696,180841.21
Israel,2026,80.5,5.3196,49708.75
Israel,2027,81.3,5.0831,50462.97
Israel,2028,80.22,4.8466,51217.19
Israel,2029,82.09,4.6101,51971.41
Israel,2030,81.61,4.3736,52725.63
Israel,2031,81.85,4.1371,53479.85
Israel,2032,81.85,3.9006,54234.07
Israel,2033,81.5,3.6641,54988.29
Israel,2034,80.87,3.4276,55742.52
Israel,2035,80.84,3.1911,56496.74
Italy,2026,80.93,4.7267,50769.2
Italy,2027,81.57,4.5951,50962.71
Italy,2028,81.47,4.4634,51156.22
Italy,2029,81.89,4.3318,51349.74
Italy,2030,81.89,4.2001,51543.25
Italy,2031,81.89,4.0684,51736.76
Italy,2032,81.89,3.9368,51930.28
Italy,2033,81.89,3.8051,52123.79
Italy,2034,81.66,3.6735,52317.31
Italy,2035,81.66,3.5418,52510.82
Jamaica,2026,70.51,2.7313,11171.27
Jamaica,2027,70.51,2.7202,11261.43
Jamaica,2028,70.51,2.7091,11351.58
Jamaica,2029,71.13,2.698,11441.74
Jamaica,2030,71.13,2.6869,11531.9
Jamaica,2031,71.41,2.6758,11622.06
Jamaica,2032,71.41,2.6647,11712.22
Jamaica,2033,71.41,2.6536,11802.37
Jamaica,2034,71.41,2.6425,11892.53
Jamaica,2035,71.41,2.6314,11982.69
Japan,2026,80.52,7.85,46912.7
Japan,2027,80.57,7.7183,47288.78
Japan,2028,80.69,7.5867,47664.86
Japan,2029,80.69,7.455,48040.94
Japan,2030,80.76,7.3233,48417.01
Japan,2031,80.76,7.1917,48793.09
Japan,2032,80.76,7.06,49169.17
Japan,2033,81.0,6.9283,49545.25
Japan,2034,81.46,6.7967,49921.33
Japan,2035,81.46,6.665,50297.4
Jordan,2026,68.52,1.6409,8310.28
Jordan,2027,65.55,1.5503,8150.64
Jordan,2028,65.4,1.4597,7991.0
Jordan,2029,63.65,1.3692,7831.36
Jordan,2030,64.32,1.2786,7671.72
Jordan,2031,62.69,1.1881,7512.07
Jordan,2032,66.59,1.0975,7352.43
Jordan,2033,66.59,1.0069,7192.79
Jordan,2034,67.49,0.9164,7033.15
Jordan,2035,65.98,0.8258,6873.51
Kazakhstan,2026,75.99,14.8748,36520.78
Kazakhstan,2027,75.99,14.861,37097.93
Kazakhstan,2028,75.99,14.8471,37675.08
Kazakhstan,2029,75.99,14.8332,38252.23
Kazakhstan,2030,75.99,14.8194,38829.38
Kazakhstan,2031,77.09,14.8055,39406.53
Kazakhstan,2032,77.09,14.7916,39983.68
Kazakhstan,2033,77.38,14.7777,40560.83
Kazakhstan,2034,77.76,14.7639,41137.98
Kazakhstan,2035,77.76,14.75,41715.13
Kenya,2026,62.06,0.4162,5890.02
Kenya,2027,60.2,0.4251,5999.11
Kenya,2028,54.68,0.4341,6108.2
Kenya,2029,61.53,0.443,6217.29
Kenya,2030,61.53,0.452,6326.38
Kenya,2031,63.56,0.4609,6435.48
Kenya,2032,63.56,0.4699,6544.57
Kenya,2033,64.3,0.4788,6653.66
Kenya,2034,65.16,0.4878,6762.75
Kenya,2035,62.18,0.4967,6871.84
Kiribati,2026,65.73,0.5699,3438.53
Kiribati,2027,65.67,0.5751,3518.9
Kiribati,2028,65.67,0.5804,3599.27
Kiribati,2029,66.28,0.5857,3679.64
Kiribati,2030,66.28,0.5909,3760.01
Kiribati,2031,66.28,0.5962,3840.37
Kiribati,2032,66.28,0.6014,3920.74
Kiribati,2033,66.28,0.6067,4001.11
Kiribati,2034,66.28,0.612,4081.48
Kiribati,2035,66.28,0.6172,4161.85
Kosovo,2026,71.5,5.0226,14722.89
Kosovo,2027,71.5,5.0601,15162.04
Kosovo,2028,71.5,5.0976,15601.19
Kosovo,2029,71.47,5.1351,16040.35
Kosovo,2030,71.47,5.1726,16479.5
Kosovo,2031,71.47,5.2101,16918.65
Kosovo,2032,71.79,5.2476,17357.81
Kosovo,2033,71.79,5.2851,17796.96
Kosovo,2034,71.79,5.3226,18236.11
Kosovo,2035,71.52,5.3601,18675.27
Kuwait,2026,76.3,19.8965,42570.46
Kuwait,2027,75.42,19.3694,41145.5
Kuwait,2028,77.09,18.8424,39720.53
Kuwait,2029,76.15,18.3153,38295.56
Kuwait,2030,75.99,17.7883,36870.6
Kuwait,2031,74.17,17.2612,35445.63
Kuwait,2032,74.14,16.7342,34020.67
Kuwait,2033,74.14,16.2071,32595.7
Kuwait,2034,73.27,15.6801,31170.73
Kuwait,2035,72.15,15.153,29745.77
Kyrgyzstan,2026,67.29,1.6334,6581.88
Kyrgyzstan,2027,67.29,1.6441,6679.59
Kyrgyzstan,2028,67.29,1.6549,6777.31
Kyrgyzstan,2029,67.49,1.6656,6875.02
Kyrgyzstan,2030,68.56,1.6763,6972.74
Kyrgyzstan,2031,68.56,1.687,7070.46
Kyrgyzstan,2032,68.56,1.6978,7168.17
Kyrgyzstan,2033,68.56,1.7085,7265.89
Kyrgyzstan,2034,68.9,1.7192,7363.61
Kyrgyzstan,2035,68.9,1.7299,7461.32
Laos,2026,69.73,4.13,9656.88
Laos,2027,68.1,4.3653,9939.61
Laos,2028,69.06,4.6005,10222.34
Laos,2029,68.4,4.8357,10505.07
Laos,2030,69.46,5.071,10787.8
Laos,2031,69.64,5.3062,11070.53
Laos,2032,68.44,5.5414,11353.26
Laos,2033,71.0,5.7767,11635.99
Laos,2034,71.0,6.0119,11918.72
Laos,2035,70.63,6.2471,12201.45
Latvia,2026,79.89,3.6888,41710.43
Latvia,2027,79.97,3.6846,42745.19
Latvia,2028,80.34,3.6805,43779.96
Latvia,2029,80.48,3.6764,44814.73
Latvia,2030,80.48,3.6723,45849.5
Latvia,2031,80.91,3.6682,46884.26
Latvia,2032,80.97,3.6641,47919.03
Latvia,2033,80.97,3.66,48953.8
Latvia,2034,81.66,3.6559,49988.56
Latvia,2035,81.7,3.6518,51023.33
Lebanon,2026,69.89,3.2251,10854.68
Lebanon,2027,70.19,3.1589,10436.97
Lebanon,2028,70.19,3.0927,10019.26
Lebanon,2029,70.32,3.0266,9601.54
Lebanon,2030,70.87,2.9604,9183.83
Lebanon,2031,70.87,2.8943,8766.12
Lebanon,2032,69.32,2.8281,8348.41
Lebanon,2033,68.71,2.7619,7930.7
Lebanon,2034,67.85,2.6958,7512.99
Lebanon,2035,68.64,2.6296,7095.28
Lesotho,2026,56.84,1.0098,2651.63
Lesotho,2027,53.69,1.0006,2640.12
Lesotho,2028,53.69,0.9914,2628.6
Lesotho,2029,53.69,0.9821,2617.08
Lesotho,2030,53.69,0.9729,2605.57
Lesotho,2031,53.69,0.9637,2594.05
Lesotho,2032,53.04,0.9545,2582.53
Lesotho,2033,53.04,0.9453,2571.02
Lesotho,2034,54.07,0.9361,2559.5
Lesotho,2035,53.53,0.9269,2547.98
Liberia,2026,61.63,0.1417,1594.32
Liberia,2027,58.86,0.1398,1591.67
Liberia,2028,58.88,0.1379,1589.03
Liberia,2029,59.83,0.136,1586.38
Liberia,2030,61.62,0.1342,1583.74
Liberia,2031,60.43,0.1323,1581.09
Liberia,2032,59.99,0.1304,1578.45
Liberia,2033,60.29,0.1285,1575.8
Liberia,2034,57.88,0.1266,1573.16
Liberia,2035,57.88,0.1247,1570.51
Libya,2026,63.88,8.1642,9479.01
Libya,2027,64.09,8.1003,8968.53
Libya,2028,63.96,8.0363,8458.04
Libya,2029,64.39,7.9723,7947.55
Libya,2030,64.1,7.9084,7437.06
Libya,2031,63.39,7.8444,6926.57
Libya,2032,63.11,7.7804,6416.08
Libya,2033,63.61,7.7165,5905.6
Libya,2034,62.86,7.6525,5395.11
Libya,2035,62.5,7.5885,4884.62
Lithuania,2026,80.36,4.8521,52774.17
Lithuania,2027,80.36,4.8787,54343.47
Lithuania,2028,81.93,4.9053,55912.76
Lithuania,2029,81.36,4.932,57482.06
Lithuania,2030,81.39,4.9586,59051.35
Lithuania,2031,81.7,4.9853,60620.65
Lithuania,2032,81.9,5.0119,62189.95
Lithuania,2033,82.07,5.0386,63759.24
Lithuania,2034,81.71,5.0652,65328.54
Lithuania,2035,81.81,5.0918,66897.83
Luxembourg,2026,83.28,8.3545,133622.32
Luxembourg,2027,83.56,7.5361,133857.53
Luxembourg,2028,83.35,6.7177,134092.74
Luxembourg,2029,83.63,5.8994,134327.94
Luxembourg,2030,83.21,5.081,134563.15
Luxembourg,2031,83.74,4.2626,134798.36
Luxembourg,2032,83.02,3.4443,135033.57
Luxembourg,2033,82.84,2.6259,135268.78
Luxembourg,2034,83.4,1.8075,135503.99
Luxembourg,2035,83.24,0.9892,135739.2
Macao,2026,81.62,1.2854,72206.02
Macao,2027,81.39,1.2015,67156.68
Macao,2028,81.54,1.1177,62107.33
Macao,2029,81.78,1.0338,57057.98
Macao,2030,81.91,0.9499,52008.64
Macao,2031,80.79,0.866,46959.29
Macao,2032,83.14,0.7821,41909.94
Macao,2033,81.78,0.6983,36860.59
Macao,2034,81.84,0.6144,31811.25
Macao,2035,79.26,0.5305,26761.9
Madagascar,2026,60.08,0.1641,1611.94
Madagascar,2027,60.08,0.1682,1610.06
Madagascar,2028,60.08,0.1723,1608.19
Madagascar,2029,60.08,0.1764,1606.32
Madagascar,2030,60.08,0.1805,1604.45
Madagascar,2031,60.08,0.1845,1602.58
Madagascar,2032,59.69,0.1886,1600.7
Madagascar,2033,59.69,0.1927,1598.83
Madagascar,2034,59.69,0.1968,1596.96
Madagascar,2035,59.69,0.2009,1595.09
Malawi,2026,54.51,0.0959,1744.34
Malawi,2027,55.86,0.0979,1759.15
Malawi,2028,58.52,0.1,1773.97
Malawi,2029,57.58,0.102,1788.79
Malawi,2030,56.81,0.1041,1803.61
Malawi,2031,58.29,0.1061,1818.42
Malawi,2032,57.98,0.1082,1833.24
Malawi,2033,56.66,0.1102,1848.06
Malawi,2034,56.84,0.1123,1862.88
Malawi,2035,56.84,0.1143,1877.69
Malaysia,2026,75.34,8.4305,35021.29
Malaysia,2027,75.85,8.5103,35733.16
Malaysia,2028,77.82,8.59,36445.03
Malaysia,2029,77.82,8.6698,37156.9
Malaysia,2030,78.14,8.7495,37868.77
Malaysia,2031,77.81,8.8293,38580.64
Malaysia,2032,78.84,8.909,39292.51
Malaysia,2033,79.06,8.9888,40004.38
Malaysia,2034,79.54,9.0685,40716.25
Malaysia,2035,79.1,9.1483,41428.12
Maldives,2026,73.52,4.5424,21806.9
Maldives,2027,73.21,4.6669,22102.19
Maldives,2028,71.93,4.7913,22397.48
Maldives,2029,73.84,4.9158,22692.77
Maldives,2030,73.08,5.0403,22988.06
Maldives,2031,73.08,5.1647,23283.35
Maldives,2032,73.08,5.2892,23578.64
Maldives,2033,73.08,5.4136,23873.93
Maldives,2034,71.77,5.5381,24169.22
Maldives,2035,73.66,5.6626,24464.51
Mali,2026,62.4,0.3685,2964.44
Mali,2027,62.4,0.3837,2988.9
Mali,2028,62.4,0.3989,3013.37
Mali,2029,62.86,0.4141,3037.84
Mali,2030,64.04,0.4294,3062.3
Mali,2031,62.64,0.4446,3086.77
Mali,2032,63.45,0.4598,3111.23
Mali,2033,63.45,0.475,3135.7
Mali,2034,65.36,0.4903,3160.17
Mali,2035,65.96,0.5055,3184.63
Malta,2026,83.32,1.5959,65002.7
Malta,2027,81.78,1.3187,66770.53
Malta,2028,82.13,1.0414,68538.35
Malta,2029,84.5,0.7641,70306.18
Malta,2030,81.34,0.4869,72074.01
Malta,2031,88.05,0.2096,73841.84
Malta,2032,83.41,0.0,75609.67
Malta,2033,83.54,0.0,77377.5
Malta,2034,83.54,0.0,79145.32
Malta,2035,83.54,0.0,80913.15
Marshall Islands,2026,68.25,4.0026,7627.34
Marshall Islands,2027,68.25,4.0959,7860.0
Marshall Islands,2028,68.25,4.1893,8092.66
Marshall Islands,2029,68.86,4.2827,8325.32
Marshall Islands,2030,70.07,4.376,8557.97
Marshall Islands,2031,70.05,4.4694,8790.63
Marshall Islands,2032,70.06,4.5627,9023.29
Marshall Islands,2033,69.65,4.6561,9255.95
Marshall Islands,2034,69.2,4.7494,9488.6
Marshall Islands,2035,66.71,4.8428,9721.26
Mauritania,2026,65.58,1.1934,6294.22
Mauritania,2027,65.58,1.2316,6333.28
Mauritania,2028,65.58,1.2699,6372.34
Mauritania,2029,65.58,1.3081,6411.4
Mauritania,2030,65.44,1.3463,6450.46
Mauritania,2031,65.51,1.3845,6489.52
Mauritania,2032,65.51,1.4227,6528.58
Mauritania,2033,66.45,1.461,6567.64
Mauritania,2034,66.45,1.4992,6606.69
Mauritania,2035,66.45,1.5374,6645.75
Mauritius,2026,75.28,3.5458,27679.32
Mauritius,2027,75.28,3.5762,28185.74
Mauritius,2028,75.28,3.6065,28692.15
Mauritius,2029,75.28,3.6369,29198.57
Mauritius,2030,75.28,3.6673,29704.98
Mauritius,2031,75.53,3.6976,30211.4
Mauritius,2032,75.53,3.728,30717.82
Mauritius,2033,75.03,3.7583,31224.23
Mauritius,2034,75.72,3.7887,31730.65
Mauritius,2035,75.72,3.8191,32237.06
Mexico,2026,73.64,3.2809,21982.75
Mexico,2027,73.64,3.223,22081.27
Mexico,2028,73.64,3.165,22179.8
Mexico,2029,73.64,3.1071,22278.32
Mexico,2030,73.64,3.0491,22376.85
Mexico,2031,73.64,2.9912,22475.37
Mexico,2032,73.64,2.9332,22573.9
Mexico,2033,73.64,2.8753,22672.42
Mexico,2034,73.64,2.8173,22770.95
Mexico,2035,73.12,2.7593,22869.47
Micronesia (country),2026,64.76,1.3588,3895.85
Micronesia (country),2027,63.55,1.3694,3906.26
Micronesia (country),2028,64.51,1.38,3916.68
Micronesia (country),2029,64.51,1.3907,3927.09
Micronesia (country),2030,64.51,1.4013,3937.5
Micronesia (country),2031,64.51,1.4119,3947.91
Micronesia (country),2032,64.51,1.4225,3958.32
Micronesia (country),2033,64.51,1.4332,3968.74
Micronesia (country),2034,64.51,1.4438,3979.15
Micronesia (country),2035,64.51,1.4544,3989.56
Moldova,2026,70.86,1.9429,17559.71
Moldova,2027,73.15,1.9827,18062.07
Moldova,2028,72.61,2.0224,18564.43
Moldova,2029,72.76,2.0622,19066.79
Moldova,2030,72.43,2.102,19569.15
Moldova,2031,72.34,2.1418,20071.51
Moldova,2032,73.45,2.1816,20573.87
Moldova,2033,74.65,2.2214,21076.23
Moldova,2034,74.28,2.2612,21578.58
Moldova,2035,74.61,2.301,22080.94
Mongolia,2026,67.84,15.0788,18030.03
Mongolia,2027,67.71,15.5178,18478.24
Mongolia,2028,67.85,15.9568,18926.46
Mongolia,2029,67.85,16.3958,19374.68
Mongolia,2030,67.85,16.8348,19822.9
Mongolia,2031,67.85,17.2738,20271.11
Mongolia,2032,69.39,17.7128,20719.33
Mongolia,2033,69.39,18.1518,21167.55
Mongolia,2034,69.41,18.5908,21615.77
Mongolia,2035,68.48,19.0297,22063.98
Montenegro,2026,75.37,4.1682,26932.62
Montenegro,2027,75.47,4.222,27425.61
Montenegro,2028,75.47,4.2757,27918.6
Montenegro,2029,75.47,4.3294,28411.59
Montenegro,2030,74.98,4.3832,28904.58
Montenegro,2031,74.98,4.4369,29397.57
Montenegro,2032,74.98,4.4906,29890.56
Montenegro,2033,75.91,4.5444,30383.55
Montenegro,2034,75.4,4.5981,30876.54
Montenegro,2035,74.52,4.6518,31369.53
Morocco,2026,70.35,1.9197,9306.55
Morocco,2027,70.09,1.9379,9426.19
Morocco,2028,70.09,1.9561,9545.84
Morocco,2029,69.61,1.9742,9665.48
Morocco,2030,69.61,1.9924,9785.12
Morocco,2031,69.61,2.0106,9904.76
Morocco,2032,69.61,2.0288,10024.41
Morocco,2033,69.61,2.047,10144.05
Morocco,2034,69.61,2.0652,10263.69
Morocco,2035,69.61,2.0833,10383.33
Mozambique,2026,64.89,0.3285,1638.22
Mozambique,2027,65.24,0.3398,1659.27
Mozambique,2028,64.33,0.351,1680.33
Mozambique,2029,65.82,0.3623,1701.38
Mozambique,2030,63.83,0.3736,1722.43
Mozambique,2031,64.25,0.3849,1743.49
Mozambique,2032,65.27,0.3962,1764.54
Mozambique,2033,64.23,0.4075,1785.59
Mozambique,2034,64.23,0.4188,1806.65
Mozambique,2035,65.72,0.4301,1827.7
Myanmar,2026,66.16,0.7686,6618.34
Myanmar,2027,66.16,0.8018,6767.36
Myanmar,2028,66.34,0.8351,6916.39
Myanmar,2029,65.81,0.8683,7065.41
Myanmar,2030,67.49,0.9015,7214.43
Myanmar,2031,66.39,0.9347,7363.45
Myanmar,2032,60.36,0.9679,7512.47
Myanmar,2033,62.7,1.0011,7661.49
Myanmar,2034,64.32,1.0344,7810.51
Myanmar,2035,64.32,1.0676,7959.54
Namibia,2026,67.28,1.2606,10130.0
Namibia,2027,67.28,1.2529,10053.06
Namibia,2028,67.28,1.2452,9976.12
Namibia,2029,67.28,1.2375,9899.18
Namibia,2030,67.28,1.2298,9822.25
Namibia,2031,67.28,1.2221,9745.31
Namibia,2032,67.28,1.2144,9668.37
Namibia,2033,67.41,1.2067,9591.43
Namibia,2034,67.76,1.199,9514.49
Namibia,2035,67.76,1.1913,9437.55
Nauru,2026,71.02,5.1547,13960.97
Nauru,2027,71.57,5.2134,14320.82
Nauru,2028,71.57,5.272,14680.67
Nauru,2029,71.5,5.3306,15040.52
Nauru,2030,71.5,5.3893,15400.37
Nauru,2031,71.5,5.4479,15760.22
Nauru,2032,71.37,5.5065,16120.07
Nauru,2033,72.25,5.5651,16479.92
Nauru,2034,72.25,5.6238,16839.77
Nauru,2035,72.57,5.6824,17199.62
Nepal,2026,65.38,0.7275,5341.42
Nepal,2027,58.71,0.7636,5484.16
Nepal,2028,66.08,0.7998,5626.89
Nepal,2029,66.64,0.8359,5769.62
Nepal,2030,67.03,0.872,5912.35
Nepal,2031,67.56,0.9082,6055.08
Nepal,2032,65.37,0.9443,6197.82
Nepal,2033,65.58,0.9804,6340.55
Nepal,2034,65.58,1.0166,6483.28
Nepal,2035,65.58,1.0527,6626.01
Netherlands,2026,81.96,6.4863,71942.99
Netherlands,2027,81.98,6.2317,72655.6
Netherlands,2028,81.98,5.9771,73368.2
Netherlands,2029,82.22,5.7225,74080.8
Netherlands,2030,76.44,5.4679,74793.41
Netherlands,2031,81.73,5.2132,75506.01
Netherlands,2032,81.85,4.9586,76218.62
Netherlands,2033,81.72,4.704,76931.22
Netherlands,2034,82.26,4.4494,77643.82
Netherlands,2035,82.5,4.1948,78356.43
New Zealand,2026,81.64,6.0122,51598.69
New Zealand,2027,81.43,5.876,52228.8
New Zealand,2028,81.84,5.7398,52858.91
New Zealand,2029,81.84,5.6037,53489.02
New Zealand,2030,76.07,5.4675,54119.12
New Zealand,2031,81.03,5.3313,54749.23
New Zealand,2032,81.06,5.1952,55379.34
New Zealand,2033,81.28,5.059,56009.45
New Zealand,2034,82.13,4.9228,56639.56
New Zealand,2035,81.14,4.7867,57269.67
Nicaragua,2026,62.28,0.7844,7829.15
Nicaragua,2027,62.66,0.7831,7942.67
Nicaragua,2028,62.12,0.7819,8056.19
Nicaragua,2029,61.98,0.7807,8169.71
Nicaragua,2030,63.19,0.7795,8283.23
Nicaragua,2031,63.19,0.7783,8396.75
Nicaragua,2032,65.39,0.777,8510.27
Nicaragua,2033,65.15,0.7758,8623.78
Nicaragua,2034,65.13,0.7746,8737.3
Nicaragua,2035,65.13,0.7734,8850.82
Niger,2026,59.48,0.1346,1793.29
Niger,2027,57.18,0.1379,1822.56
Niger,2028,57.79,0.1412,1851.83
Niger,2029,57.19,0.1445,1881.1
Niger,2030,56.45,0.1477,1910.37
Niger,2031,56.13,0.151,1939.64
Niger,2032,55.51,0.1543,1968.91
Niger,2033,55.71,0.1575,1998.18
Niger,2034,55.71,0.1608,2027.45
Niger,2035,55.71,0.1641,2056.72
Nigeria,2026,62.81,0.5808,7943.59
Nigeria,2027,62.81,0.5782,7919.1
Nigeria,2028,62.81,0.5755,7894.62
Nigeria,2029,62.81,0.5729,7870.14
Nigeria,2030,61.99,0.5702,7845.66
Nigeria,2031,61.99,0.5676,7821.17
Nigeria,2032,61.99,0.5649,7796.69
Nigeria,2033,59.75,0.5623,7772.21
Nigeria,2034,59.75,0.5597,7747.73
Nigeria,2035,59.75,0.557,7723.24
North Macedonia,2026,73.64,3.6253,24837.27
North Macedonia,2027,73.64,3.6083,25357.36
North Macedonia,2028,74.84,3.5914,25877.45
North Macedonia,2029,74.84,3.5744,26397.53
North Macedonia,2030,75.18,3.5574,26917.62
North Macedonia,2031,75.28,3.5404,27437.71
North Macedonia,2032,75.28,3.5235,27957.79
North Macedonia,2033,75.28,3.5065,28477.88
North Macedonia,2034,75.28,3.4895,28997.97
North Macedonia,2035,75.28,3.4726,29518.05
Norway,2026,81.89,6.9546,91424.34
Norway,2027,81.89,6.8134,91947.16
Norway,2028,81.89,6.6721,92469.98
Norway,2029,82.03,6.5308,92992.8
Norway,2030,82.03,6.3895,93515.62
Norway,2031,82.03,6.2483,94038.44
Norway,2032,82.06,6.107,94561.26
Norway,2033,82.06,5.9657,95084.08
Norway,2034,82.29,5.8245,95606.9
Norway,2035,82.29,5.6832,96129.72
Oman,2026,74.17,14.9068,34374.34
Oman,2027,74.14,14.7499,33727.9
Oman,2028,74.14,14.593,33081.47
Oman,2029,74.14,14.4362,32435.03
Oman,2030,73.4,14.2793,31788.6
Oman,2031,73.4,14.1224,31142.16
Oman,2032,73.11,13.9655,30495.73
Oman,2033,72.29,13.8087,29849.29
Oman,2034,72.29,13.6518,29202.86
Oman,2035,72.29,13.4949,28556.42
Pakistan,2026,63.9,0.9456,5882.37
Pakistan,2027,66.43,0.9597,5987.1
Pakistan,2028,67.21,0.9738,6091.83
Pakistan,2029,65.58,0.9879,6196.56
Pakistan,2030,65.58,1.002,6301.28
Pakistan,2031,65.58,1.0161,6406.01
Pakistan,2032,65.58,1.0302,6510.74
Pakistan,2033,65.58,1.0443,6615.46
Pakistan,2034,65.58,1.0583,6720.19
Pakistan,2035,65.58,1.0724,6824.92
Palau,2026,67.99,12.3725,17817.5
Palau,2027,67.77,12.4197,17786.67
Palau,2028,68.26,12.4669,17755.85
Palau,2029,67.97,12.5141,17725.02
Palau,2030,67.97,12.5613,17694.19
Palau,2031,67.97,12.6085,17663.37
Palau,2032,67.97,12.6557,17632.54
Palau,2033,67.97,12.7028,17601.71
Palau,2034,67.97,12.75,17570.88
Palau,2035,67.97,12.7972,17540.06
Palestine,2026,67.03,0.874,5929.01
Palestine,2027,67.03,0.8964,5932.4
Palestine,2028,67.03,0.9187,5935.78
Palestine,2029,65.93,0.9411,5939.17
Palestine,2030,66.43,0.9635,5942.55
Palestine,2031,66.75,0.9859,5945.94
Palestine,2032,66.75,1.0082,5949.32
Palestine,2033,66.75,1.0306,5952.71
Palestine,2034,66.75,1.053,5956.09
Palestine,2035,66.75,1.0754,5959.48
Panama,2026,77.76,2.472,37152.23
Panama,2027,77.76,2.4688,37936.24
Panama,2028,77.76,2.4656,38720.25
Panama,2029,79.01,2.4624,39504.26
Panama,2030,79.56,2.4592,40288.27
Panama,2031,79.81,2.456,41072.28
Panama,2032,79.81,2.4528,41856.3
Panama,2033,79.89,2.4496,42640.31
Panama,2034,80.05,2.4464,43424.32
Panama,2035,80.05,2.4432,44208.33
Papua New Guinea,2026,66.96,0.8815,4532.2
Papua New Guinea,2027,66.96,0.8974,4590.18
Papua New Guinea,2028,66.69,0.9132,4648.16
Papua New Guinea,2029,65.73,0.929,4706.14
Papua New Guinea,2030,65.73,0.9448,4764.12
Papua New Guinea,2031,65.19,0.9607,4822.1
Papua New Guinea,2032,65.01,0.9765,4880.08
Papua New Guinea,2033,65.37,0.9923,4938.05
Papua New Guinea,2034,65.37,1.0082,4996.03
Papua New Guinea,2035,65.37,1.024,5054.01
Paraguay,2026,74.87,1.3609,16963.29
Paraguay,2027,74.87,1.392,17225.11
Paraguay,2028,74.87,1.423,17486.93
Paraguay,2029,74.87,1.454,17748.75
Paraguay,2030,74.44,1.485,18010.57
Paraguay,2031,75.57,1.5161,18272.39
Paraguay,2032,75.57,1.5471,18534.21
Paraguay,2033,75.73,1.5781,18796.03
Paraguay,2034,75.73,1.6091,19057.85
Paraguay,2035,75.62,1.6401,19319.67
Peru,2026,72.29,1.9956,16708.5
Peru,2027,72.61,2.0308,16960.42
Peru,2028,72.61,2.066,17212.34
Peru,2029,72.28,2.1012,17464.27
Peru,2030,72.28,2.1364,17716.19
Peru,2031,72.35,2.1717,17968.11
Peru,2032,72.15,2.2069,18220.03
Peru,2033,71.89,2.2421,18471.95
Peru,2034,71.95,2.2773,18723.88
Peru,2035,72.38,2.3125,18975.8
Philippines,2026,68.64,1.524,10718.63
Philippines,2027,69.77,1.5672,10995.65
Philippines,2028,69.77,1.6103,11272.67
Philippines,2029,70.53,1.6535,11549.7
Philippines,2030,70.9,1.6967,11826.72
Philippines,2031,71.05,1.7398,12103.74
Philippines,2032,71.05,1.783,12380.77
Philippines,2033,70.84,1.8262,12657.79
Philippines,2034,71.18,1.8693,12934.81
Philippines,2035,70.04,1.9125,13211.83
Poland,2026,80.52,7.9586,46849.42
Poland,2027,80.57,7.9183,48136.39
Poland,2028,80.81,7.8779,49423.35
Poland,2029,81.31,7.8375,50710.31
Poland,2030,81.31,7.7972,51997.27
Poland,2031,81.34,7.7568,53284.23
Poland,2032,81.34,7.7164,54571.19
Poland,2033,81.34,7.6761,55858.15
Poland,2034,81.67,7.6357,57145.12
Poland,2035,81.67,7.5953,58432.08
Portugal,2026,79.89,3.7002,41491.09
Portugal,2027,79.89,3.6069,41896.73
Portugal,2028,79.85,3.5135,42302.37
Portugal,2029,79.85,3.4202,42708.0
Portugal,2030,79.64,3.3269,43113.64
Portugal,2031,80.01,3.2336,43519.28
Portugal,2032,80.01,3.1403,43924.92
Portugal,2033,80.15,3.047,44330.55
Portugal,2034,80.15,2.9537,44736.19
Portugal,2035,80.15,2.8604,45141.83
Qatar,2026,75.22,34.2557,106211.63
Qatar,2027,72.69,33.6667,104640.6
Qatar,2028,72.69,33.0778,103069.57
Qatar,2029,72.69,32.4888,101498.54
Qatar,2030,72.69,31.8999,99927.51
Qatar,2031,72.69,31.3109,98356.48
Qatar,2032,73.04,30.722,96785.45
Qatar,2033,75.62,30.133,95214.42
Qatar,2034,75.62,29.5441,93643.39
Qatar,2035,75.62,28.9552,92072.36
Romania,2026,79.76,3.6024,43156.73
Romania,2027,80.48,3.5602,44310.23
Romania,2028,80.15,3.518,45463.73
Romania,2029,80.15,3.4758,46617.23
Romania,2030,80.33,3.4336,47770.73
Romania,2031,80.33,3.3914,48924.23
Romania,2032,81.03,3.3492,50077.73
Romania,2033,81.07,3.307,51231.23
Romania,2034,81.03,3.2649,52384.73
Romania,2035,81.03,3.2227,53538.23
Russia,2026,76.05,11.6869,40156.61
Russia,2027,76.05,11.7133,40574.92
Russia,2028,76.43,11.7397,40993.24
Russia,2029,76.43,11.7661,41411.55
Russia,2030,76.43,11.7924,41829.87
Russia,2031,76.61,11.8188,42248.18
Russia,2032,76.61,11.8452,42666.5
Russia,2033,74.55,11.8716,43084.81
Russia,2034,76.88,11.8979,43503.13
Russia,2035,77.67,11.9243,43921.44
Rwanda,2026,59.06,0.1581,3225.67
Rwanda,2027,59.16,0.1647,3316.52
Rwanda,2028,59.16,0.1713,3407.37
Rwanda,2029,59.72,0.1778,3498.23
Rwanda,2030,59.18,0.1844,3589.08
Rwanda,2031,58.25,0.191,3679.94
Rwanda,2032,58.7,0.1975,3770.79
Rwanda,2033,55.37,0.2041,3861.65
Rwanda,2034,58.21,0.2107,3952.5
Rwanda,2035,58.21,0.2173,4043.35
Saint Kitts and Nevis,2026,75.6,5.5487,31665.76
Saint Kitts and Nevis,2027,75.6,5.6013,32031.26
Saint Kitts and Nevis,2028,75.6,5.6539,32396.75
Saint Kitts and Nevis,2029,75.6,5.7065,32762.25
Saint Kitts and Nevis,2030,75.6,5.7591,33127.75
Saint Kitts and Nevis,2031,75.6,5.8117,33493.25
Saint Kitts and Nevis,2032,75.6,5.8643,33858.74
Saint Kitts and Nevis,2033,75.5,5.9169,34224.24
Saint Kitts and Nevis,2034,75.5,5.9695,34589.74
Saint Kitts and Nevis,2035,75.5,6.0221,34955.24
Saint Lucia,2026,73.64,2.9008,21742.46
Saint Lucia,2027,73.64,2.9118,21777.87
Saint Lucia,2028,73.64,2.9228,21813.29
Saint Lucia,2029,73.64,2.9337,21848.71
Saint Lucia,2030,73.64,2.9447,21884.12
Saint Lucia,2031,73.64,2.9557,21919.54
Saint Lucia,2032,73.64,2.9666,21954.96
Saint Lucia,2033,73.64,2.9776,21990.37
Saint Lucia,2034,73.64,2.9885,22025.79
Saint Lucia,2035,73.64,2.9995,22061.21
Saint Vincent and the Grenadines,2026,72.23,2.3628,18205.58
Saint Vincent and the Grenadines,2027,72.23,2.3767,18521.38
Saint Vincent and the Grenadines,2028,72.38,2.3906,18837.19
Saint Vincent and the Grenadines,2029,72.38,2.4046,19152.99
Saint Vincent and the Grenadines,2030,72.38,2.4185,19468.8
Saint Vincent and the Grenadines,2031,72.29,2.4324,19784.6
Saint Vincent and the Grenadines,2032,72.29,2.4463,20100.41
Saint Vincent and the Grenadines,2033,72.29,2.4603,20416.21
Saint Vincent and the Grenadines,2034,74.04,2.4742,20732.02
Saint Vincent and the Grenadines,2035,74.36,2.4881,21047.82
Samoa,2026,66.59,1.2598,7077.13
Samoa,2027,66.59,1.2783,7125.01
Samoa,2028,66.59,1.2969,7172.88
Samoa,2029,66.59,1.3155,7220.75
Samoa,2030,65.61,1.3341,7268.62
Samoa,2031,66.93,1.3527,7316.49
Samoa,2032,65.72,1.3713,7364.37
Samoa,2033,67.47,1.3899,7412.24
Samoa,2034,67.47,1.4084,7460.11
Samoa,2035,63.77,1.427,7507.98
Sao Tome and Principe,2026,67.54,0.6936,6033.53
Sao Tome and Principe,2027,68.2,0.7006,6103.3
Sao Tome and Principe,2028,66.83,0.7076,6173.06
Sao Tome and Principe,2029,66.6,0.7146,6242.83
Sao Tome and Principe,2030,66.6,0.7215,6312.59
Sao Tome and Principe,2031,66.6,0.7285,6382.36
Sao Tome and Principe,2032,66.16,0.7355,6452.12
Sao Tome and Principe,2033,66.16,0.7425,6521.89
Sao Tome and Principe,2034,66.16,0.7495,6591.65
Sao Tome and Principe,2035,66.16,0.7565,6661.42
Saudi Arabia,2026,72.97,21.2866,66306.77
Saudi Arabia,2027,76.66,21.2905,66996.18
Saudi Arabia,2028,76.66,21.2945,67685.6
Saudi Arabia,2029,76.66,21.2984,68375.02
Saudi Arabia,2030,76.66,21.3023,69064.44
Saudi Arabia,2031,76.66,21.3063,69753.86
Saudi Arabia,2032,77.3,21.3102,70443.28
Saudi Arabia,2033,77.3,21.3142,71132.7
Saudi Arabia,2034,77.3,21.3181,71822.12
Saudi Arabia,2035,77.3,21.322,72511.54
Senegal,2026,64.65,0.8579,4521.35
Senegal,2027,66.69,0.8785,4597.6
Senegal,2028,66.69,0.8991,4673.86
Senegal,2029,66.84,0.9197,4750.11
Senegal,2030,64.99,0.9402,4826.37
Senegal,2031,65.01,0.9608,4902.63
Senegal,2032,65.37,0.9814,4978.88
Senegal,2033,65.37,1.002,5055.14
Senegal,2034,65.37,1.0226,5131.39
Senegal,2035,65.37,1.0432,5207.65
Serbia,2026,75.1,6.5353,25654.87
Serbia,2027,75.1,6.5636,26212.09
Serbia,2028,75.21,6.592,26769.31
Serbia,2029,75.63,6.6203,27326.52
Serbia,2030,75.63,6.6487,27883.74
Serbia,2031,75.63,6.677,28440.95
Serbia,2032,75.63,6.7054,28998.17
Serbia,2033,75.63,6.7337,29555.38
Serbia,2034,75.63,6.7621,30112.6
Serbia,2035,75.69,6.7905,30669.82
Seychelles,2026,74.79,5.3259,34274.02
Seychelles,2027,74.79,5.3844,34935.31
Seychelles,2028,73.69,5.443,35596.6
Seychelles,2029,76.71,5.5015,36257.9
Seychelles,2030,78.07,5.56,36919.19
Seychelles,2031,78.07,5.6186,37580.48
Seychelles,2032,78.07,5.6771,38241.77
Seychelles,2033,78.07,5.7357,38903.07
Seychelles,2034,79.32,5.7942,39564.36
Seychelles,2035,79.87,5.8528,40225.65
Sierra Leone,2026,59.22,0.1942,3043.11
Sierra Leone,2027,59.22,0.1993,3071.01
Sierra Leone,2028,57.42,0.2044,3098.9
Sierra Leone,2029,59.96,0.2096,3126.79
Sierra Leone,2030,59.96,0.2147,3154.69
Sierra Leone,2031,59.96,0.2198,3182.58
Sierra Leone,2032,61.53,0.2249,3210.47
Sierra Leone,2033,60.8,0.2301,3238.37
Sierra Leone,2034,61.11,0.2352,3266.26
Sierra Leone,2035,61.11,0.2403,3294.16
Singapore,2026,82.52,8.8272,142331.3
Singapore,2027,82.52,8.8349,145358.46
Singapore,2028,82.52,8.8425,148385.63
Singapore,2029,82.52,8.8502,151412.79
Singapore,2030,82.52,8.8578,154439.95
Singapore,2031,82.52,8.8654,157467.12
Singapore,2032,81.11,8.8731,160494.28
Singapore,2033,81.11,8.8807,163521.45
Singapore,2034,81.11,8.8884,166548.61
Singapore,2035,82.58,8.896,169575.77
Sint Maarten (Dutch part),2026,77.09,16.3686,39694.21
Sint Maarten (Dutch part),2027,75.99,16.2345,38838.31
Sint Maarten (Dutch part),2028,75.99,16.1004,37982.41
Sint Maarten (Dutch part),2029,75.99,15.9663,37126.52
Sint Maarten (Dutch part),2030,75.99,15.8322,36270.62
Sint Maarten (Dutch part),2031,74.17,15.698,35414.72
Sint Maarten (Dutch part),2032,74.17,15.5639,34558.82
Sint Maarten (Dutch part),2033,74.14,15.4298,33702.93
Sint Maarten (Dutch part),2034,74.14,15.2957,32847.03
Sint Maarten (Dutch part),2035,73.27,15.1616,31991.13
Slovakia,2026,80.12,5.5511,42087.07
Slovakia,2027,74.42,5.4628,42888.26
Slovakia,2028,79.75,5.3745,43689.46
Slovakia,2029,80.08,5.2862,44490.65
Slovakia,2030,80.08,5.198,45291.85
Slovakia,2031,80.08,5.1097,46093.04
Slovakia,2032,80.51,5.0214,46894.24
Slovakia,2033,79.43,4.9331,47695.43
Slovakia,2034,79.49,4.8448,48496.63
Slovakia,2035,80.19,4.7565,49297.82
Slovenia,2026,80.26,5.3735,49097.39
Slovenia,2027,81.15,5.2165,49895.96
Slovenia,2028,81.3,5.0594,50694.52
Slovenia,2029,81.47,4.9024,51493.09
Slovenia,2030,81.07,4.7453,52291.66
Slovenia,2031,81.71,4.5883,53090.23
Slovenia,2032,81.61,4.4312,53888.79
Slovenia,2033,81.69,4.2742,54687.36
Slovenia,2034,81.69,4.1172,55485.93
Slovenia,2035,81.89,3.9601,56284.5
Solomon Islands,2026,59.38,0.2531,2394.69
Solomon Islands,2027,58.37,0.2299,2372.26
Solomon Islands,2028,59.34,0.2066,2349.84
Solomon Islands,2029,57.39,0.1834,2327.41
Solomon Islands,2030,54.65,0.1601,2304.98
Solomon Islands,2031,55.71,0.1368,2282.56
Solomon Islands,2032,55.63,0.1136,2260.13
Solomon Islands,2033,55.03,0.0903,2237.71
Solomon Islands,2034,51.87,0.0671,2215.28
Solomon Islands,2035,53.73,0.0438,2192.86
Somalia,2026,57.03,0.0711,1645.33
Somalia,2027,55.84,0.0716,1680.49
Somalia,2028,52.11,0.072,1715.64
Somalia,2029,51.96,0.0724,1750.79
Somalia,2030,53.93,0.0729,1785.94
Somalia,2031,53.93,0.0733,1821.09
Somalia,2032,52.61,0.0737,1856.25
Somalia,2033,52.61,0.0742,1891.4
Somalia,2034,54.04,0.0746,1926.55
Somalia,2035,53.7,0.075,1961.7
South Africa,2026,70.87,6.3484,13719.68
South Africa,2027,70.6,6.1828,13669.54
South Africa,2028,70.81,6.0171,13619.4
South Africa,2029,70.81,5.8514,13569.25
South Africa,2030,70.81,5.6858,13519.11
South Africa,2031,70.19,5.5201,13468.97
South Africa,2032,70.99,5.3545,13418.83
South Africa,2033,70.99,5.1888,13368.69
South Africa,2034,70.99,5.0232,13318.55
South Africa,2035,68.15,4.8575,13268.41
South Korea,2026,78.01,11.9166,57501.55
South Korea,2027,79.23,11.8863,58645.21
South Korea,2028,78.07,11.856,59788.87
South Korea,2029,77.58,11.8257,60932.54
South Korea,2030,77.88,11.7953,62076.2
South Korea,2031,77.94,11.765,63219.86
South Korea,2032,77.94,11.7347,64363.52
South Korea,2033,78.44,11.7043,65507.19
South Korea,2034,77.48,11.674,66650.85
South Korea,2035,77.29,11.6437,67794.51
Spain,2026,81.16,4.3362,47303.71
Spain,2027,81.16,4.2238,47656.44
Spain,2028,81.16,4.1113,48009.18
Spain,2029,81.16,3.9988,48361.91
Spain,2030,81.16,3.8864,48714.65
Spain,2031,81.8,3.7739,49067.38
Spain,2032,81.2,3.6614,49420.12
Spain,2033,80.15,3.549,49772.85
Spain,2034,81.03,3.4365,50125.58
Spain,2035,81.07,3.324,50478.32
Sri Lanka,2026,74.2,1.0276,15929.49
Sri Lanka,2027,74.09,1.0484,16243.53
Sri Lanka,2028,73.36,1.0692,16557.57
Sri Lanka,2029,73.36,1.09,16871.61
Sri Lanka,2030,74.14,1.1107,17185.65
Sri Lanka,2031,74.14,1.1315,17499.69
Sri Lanka,2032,74.14,1.1523,17813.73
Sri Lanka,2033,73.7,1.1731,18127.77
Sri Lanka,2034,74.3,1.1938,18441.81
Sri Lanka,2035,74.45,1.2146,18755.85
Sudan,2026,64.07,0.3985,2666.29
Sudan,2027,63.59,0.3965,2551.85
Sudan,2028,67.27,0.3945,2437.42
Sudan,2029,65.75,0.3925,2322.98
Sudan,2030,62.27,0.3906,2208.55
Sudan,2031,62.61,0.3886,2094.11
Sudan,2032,62.61,0.3866,1979.67
Sudan,2033,62.98,0.3846,1865.24
Sudan,2034,64.25,0.3827,1750.8
Sudan,2035,65.85,0.3807,1636.37
Suriname,2026,71.88,4.4492,18419.6
Suriname,2027,71.88,4.4396,18059.51
Suriname,2028,71.88,4.4301,17699.42
Suriname,2029,71.88,4.4205,17339.33
Suriname,2030,71.88,4.4109,16979.24
Suriname,2031,71.56,4.4013,16619.15
Suriname,2032,71.56,4.3917,16259.06
Suriname,2033,71.59,4.3821,15898.97
Suriname,2034,71.59,4.3725,15538.88
Suriname,2035,70.32,4.3629,15178.8
Sweden,2026,80.25,2.9105,65242.73
Sweden,2027,81.08,2.7665,65845.03
Sweden,2028,81.63,2.6226,66447.33
Sweden,2029,81.43,2.4786,67049.63
Sweden,2030,81.24,2.3347,67651.93
Sweden,2031,81.36,2.1907,68254.23
Sweden,2032,81.62,2.0468,68856.53
Sweden,2033,82.28,1.9028,69458.83
Sweden,2034,82.86,1.7589,70061.13
Sweden,2035,83.21,1.6149,70663.43
Switzerland,2026,81.5,3.2025,83848.17
Switzerland,2027,81.5,3.0565,84486.46
Switzerland,2028,81.5,2.9105,85124.74
Switzerland,2029,81.5,2.7646,85763.03
Switzerland,2030,81.54,2.6186,86401.32
Switzerland,2031,81.54,2.4726,87039.6
Switzerland,2032,81.54,2.3267,87677.89
Switzerland,2033,81.66,2.1807,88316.18
Switzerland,2034,81.92,2.0347,88954.46
Switzerland,2035,82.57,1.8887,89592.75
Syria,2026,59.39,0.7227,1910.32
Syria,2027,65.76,0.6107,1513.54
Syria,2028,63.67,0.4987,1116.75
Syria,2029,59.96,0.3866,719.96
Syria,2030,51.34,0.2746,323.17
Syria,2031,47.22,0.1626,0.0
Syria,2032,46.39,0.0505,0.0
Syria,2033,46.58,0.0,0.0
Syria,2034,46.58,0.0,0.0
Syria,2035,46.58,0.0,0.0
Tajikistan,2026,65.79,1.2701,4703.17
Tajikistan,2027,65.19,1.3305,4847.53
Tajikistan,2028,65.01,1.391,4991.9
Tajikistan,2029,65.01,1.4514,5136.26
Tajikistan,2030,65.25,1.5118,5280.62
Tajikistan,2031,66.08,1.5723,5424.98
Tajikistan,2032,67.08,1.6327,5569.35
Tajikistan,2033,67.87,1.6931,5713.71
Tajikistan,2034,67.87,1.7536,5858.07
Tajikistan,2035,67.38,1.814,6002.43
Tanzania,2026,61.87,0.3412,3926.77
Tanzania,2027,60.98,0.3516,4003.44
Tanzania,2028,60.98,0.362,4080.1
Tanzania,2029,60.98,0.3724,4156.76
Tanzania,2030,59.43,0.3828,4233.43
Tanzania,2031,60.85,0.3932,4310.09
Tanzania,2032,59.92,0.4036,4386.75
Tanzania,2033,61.2,0.414,4463.41
Tanzania,2034,59.8,0.4244,4540.08
Tanzania,2035,60.91,0.4348,4616.74
Thailand,2026,73.83,3.9937,22797.29
Thailand,2027,73.83,4.0146,23169.1
Thailand,2028,73.83,4.0355,23540.9
Thailand,2029,73.83,4.0564,23912.71
Thailand,2030,73.83,4.0773,24284.51
Thailand,2031,73.83,4.0982,24656.32
Thailand,2032,73.83,4.1191,25028.13
Thailand,2033,73.83,4.1401,25399.93
Thailand,2034,75.03,4.161,25771.74
Thailand,2035,75.03,4.1819,26143.54
Togo,2026,61.28,0.2458,2966.36
Togo,2027,60.53,0.2413,3022.47
Togo,2028,60.53,0.2368,3078.58
Togo,2029,60.89,0.2323,3134.69
Togo,2030,60.55,0.2278,3190.81
Togo,2031,60.54,0.2233,3246.92
Togo,2032,60.64,0.2188,3303.03
Togo,2033,60.64,0.2144,3359.14
Togo,2034,60.64,0.2099,3415.25
Togo,2035,58.11,0.2054,3471.36
Tonga,2026,66.56,1.5285,7597.01
Tonga,2027,66.56,1.5607,7717.13
Tonga,2028,68.27,1.5929,7837.26
Tonga,2029,68.27,1.6251,7957.38
Tonga,2030,68.27,1.6573,8077.5
Tonga,2031,68.94,1.6895,8197.62
Tonga,2032,68.85,1.7217,8317.74
Tonga,2033,70.31,1.7539,8437.87
Tonga,2034,70.42,1.7862,8557.99
Tonga,2035,70.19,1.8184,8678.11
Trinidad and Tobago,2026,72.4,21.0643,30164.4
Trinidad and Tobago,2027,72.39,20.2551,29728.24
Trinidad and Tobago,2028,71.14,19.446,29292.07
Trinidad and Tobago,2029,72.17,18.6368,28855.91
Trinidad and Tobago,2030,72.15,17.8276,28419.74
Trinidad and Tobago,2031,72.15,17.0184,27983.57
Trinidad and Tobago,2032,72.15,16.2092,27547.41
Trinidad and Tobago,2033,72.15,15.4001,27111.24
Trinidad and Tobago,2034,71.67,14.5909,26675.08
Trinidad and Tobago,2035,71.75,13.7817,26238.91
Tunisia,2026,71.58,2.6364,12880.55
Tunisia,2027,71.58,2.6418,12906.36
Tunisia,2028,71.58,2.6472,12932.16
Tunisia,2029,71.58,2.6526,12957.97
Tunisia,2030,71.58,2.658,12983.78
Tunisia,2031,71.58,2.6634,13009.58
Tunisia,2032,71.58,2.6688,13035.39
Tunisia,2033,71.58,2.6742,13061.19
Tunisia,2034,71.58,2.6796,13087.0
Tunisia,2035,71.58,2.685,13112.81
Turkey,2026,76.53,5.5006,37299.66
Turkey,2027,78.07,5.5639,38365.25
Turkey,2028,79.32,5.6273,39430.84
Turkey,2029,79.87,5.6906,40496.42
Turkey,2030,80.12,5.7539,41562.01
Turkey,2031,80.2,5.8172,42627.6
Turkey,2032,80.57,5.8805,43693.19
Turkey,2033,80.53,5.9439,44758.78
Turkey,2034,80.53,6.0072,45824.36
Turkey,2035,80.85,6.0705,46889.95
Turkmenistan,2026,68.69,11.971,19943.89
Turkmenistan,2027,68.59,12.092,20606.16
Turkmenistan,2028,69.67,12.2129,21268.43
Turkmenistan,2029,69.67,12.3339,21930.7
Turkmenistan,2030,69.81,12.4549,22592.97
Turkmenistan,2031,69.52,12.5758,23255.24
Turkmenistan,2032,69.52,12.6968,23917.51
Turkmenistan,2033,69.52,12.8178,24579.78
Turkmenistan,2034,69.52,12.9387,25242.05
Turkmenistan,2035,71.75,13.0597,25904.32
Turks and Caicos Islands,2026,75.69,7.5687,32953.1
Turks and Caicos Islands,2027,75.69,7.4639,34052.69
Turks and Caicos Islands,2028,75.58,7.359,35152.28
Turks and Caicos Islands,2029,77.84,7.2542,36251.87
Turks and Caicos Islands,2030,77.84,7.1494,37351.45
Turks and Caicos Islands,2031,77.84,7.0446,38451.04
Turks and Caicos Islands,2032,79.09,6.9397,39550.63
Turks and Caicos Islands,2033,79.89,6.8349,40650.22
Turks and Caicos Islands,2034,79.89,6.7301,41749.8
Turks and Caicos Islands,2035,79.96,6.6253,42849.39
Tuvalu,2026,65.58,1.0355,6167.0
Tuvalu,2027,65.58,1.0468,6341.37
Tuvalu,2028,65.58,1.0581,6515.75
Tuvalu,2029,65.58,1.0693,6690.13
Tuvalu,2030,65.78,1.0806,6864.51
Tuvalu,2031,66.59,1.0919,7038.89
Tuvalu,2032,66.59,1.1032,7213.26
Tuvalu,2033,66.59,1.1145,7387.64
Tuvalu,2034,64.32,1.1258,7562.02
Tuvalu,2035,64.32,1.1371,7736.4
Uganda,2026,62.44,0.1446,2913.72
Uganda,2027,58.27,0.147,2952.33
Uganda,2028,58.6,0.1494,2990.95
Uganda,2029,58.6,0.1517,3029.56
Uganda,2030,58.6,0.1541,3068.17
Uganda,2031,58.8,0.1565,3106.78
Uganda,2032,58.8,0.1589,3145.39
Uganda,2033,58.8,0.1613,3184.0
Uganda,2034,59.06,0.1637,3222.61
Uganda,2035,59.06,0.1661,3261.22
Ukraine,2026,71.9,3.2877,15898.66
Ukraine,2027,71.9,3.0886,15820.3
Ukraine,2028,71.9,2.8896,15741.93
Ukraine,2029,71.76,2.6906,15663.57
Ukraine,2030,71.76,2.4916,15585.21
Ukraine,2031,71.76,2.2925,15506.84
Ukraine,2032,71.96,2.0935,15428.48
Ukraine,2033,73.1,1.8945,15350.11
Ukraine,2034,74.03,1.6955,15271.75
Ukraine,2035,73.55,1.4965,15193.38
United Arab Emirates,2026,77.62,18.4832,69505.22
United Arab Emirates,2027,77.34,17.9231,69240.7
United Arab Emirates,2028,77.34,17.3631,68976.17
United Arab Emirates,2029,77.34,16.8031,68711.65
United Arab Emirates,2030,77.8,16.243,68447.13
United Arab Emirates,2031,77.8,15.683,68182.61
United Arab Emirates,2032,77.8,15.1229,67918.09
United Arab Emirates,2033,77.8,14.5629,67653.56
United Arab Emirates,2034,77.8,14.0028,67389.04
United Arab Emirates,2035,77.8,13.4428,67124.52
United Kingdom,2026,81.03,3.4997,54042.6
United Kingdom,2027,80.87,3.2253,54484.53
United Kingdom,2028,79.83,2.9508,54926.45
United Kingdom,2029,79.86,2.6764,55368.38
United Kingdom,2030,79.86,2.4019,55810.3
United Kingdom,2031,79.88,2.1275,56252.22
United Kingdom,2032,81.79,1.853,56694.15
United Kingdom,2033,82.53,1.5786,57136.07
United Kingdom,2034,80.93,1.3041,57578.0
United Kingdom,2035,81.78,1.0297,58019.92
United States,2026,77.98,13.3005,76165.89
United States,2027,77.74,13.0177,77231.05
United States,2028,77.74,12.7349,78296.21
United States,2029,78.02,12.452,79361.37
United States,2030,77.32,12.1692,80426.53
United States,2031,78.44,11.8864,81491.69
United States,2032,77.49,11.6035,82556.85
United States,2033,76.9,11.3207,83622.01
United States,2034,77.88,11.0379,84687.17
United States,2035,78.14,10.755,85752.33
Uruguay,2026,77.42,1.9914,32589.27
Uruguay,2027,77.42,1.9794,33014.77
Uruguay,2028,77.42,1.9673,33440.27
Uruguay,2029,77.42,1.9553,33865.77
Uruguay,2030,75.13,1.9432,34291.27
Uruguay,2031,78.07,1.9311,34716.76
Uruguay,2032,78.19,1.9191,35142.26
Uruguay,2033,77.1,1.907,35567.76
Uruguay,2034,78.97,1.8949,35993.26
Uruguay,2035,78.97,1.8829,36418.76
Uzbekistan,2026,70.25,3.0904,10889.31
Uzbekistan,2027,70.36,3.0424,11206.31
Uzbekistan,2028,70.99,2.9945,11523.3
Uzbekistan,2029,71.27,2.9465,11840.3
Uzbekistan,2030,71.41,2.8985,12157.29
Uzbekistan,2031,71.43,2.8505,12474.29
Uzbekistan,2032,71.43,2.8025,12791.29
Uzbekistan,2033,71.07,2.7545,13108.28
Uzbekistan,2034,71.58,2.7065,13425.28
Uzbekistan,2035,71.58,2.6585,13742.27
Vanuatu,2026,63.31,0.6706,3249.64
Vanuatu,2027,64.64,0.6817,3240.33
Vanuatu,2028,64.64,0.6927,3231.01
Vanuatu,2029,64.64,0.7037,3221.7
Vanuatu,2030,64.42,0.7147,3212.39
Vanuatu,2031,64.42,0.7257,3203.07
Vanuatu,2032,64.42,0.7367,3193.76
Vanuatu,2033,64.42,0.7477,3184.45
Vanuatu,2034,64.42,0.7588,3175.13
Vanuatu,2035,61.71,0.7698,3165.82
Vietnam,2026,71.93,4.113,14710.61
Vietnam,2027,72.1,4.2792,15187.2
Vietnam,2028,71.59,4.4454,15663.78
Vietnam,2029,71.76,4.6116,16140.37
Vietnam,2030,70.32,4.7777,16616.96
Vietnam,2031,71.52,4.9439,17093.55
Vietnam,2032,71.79,5.1101,17570.14
Vietnam,2033,71.79,5.2763,18046.73
Vietnam,2034,71.79,5.4424,18523.31
Vietnam,2035,72.52,5.6086,18999.9
Zambia,2026,64.85,0.6537,3746.1
Zambia,2027,65.63,0.6806,3771.09
Zambia,2028,65.63,0.7076,3796.08
Zambia,2029,65.4,0.7345,3821.07
Zambia,2030,65.4,0.7614,3846.06
Zambia,2031,65.21,0.7883,3871.06
Zambia,2032,65.21,0.8153,3896.05
Zambia,2033,64.87,0.8422,3921.04
Zambia,2034,66.01,0.8691,3946.03
Zambia,2035,66.01,0.896,3971.02
Zimbabwe,2026,66.75,0.7127,5572.3
Zimbabwe,2027,66.75,0.7109,5648.95
Zimbabwe,2028,67.3,0.7092,5725.61
Zimbabwe,2029,67.3,0.7074,5802.26
Zimbabwe,2030,64.79,0.7057,5878.91
Zimbabwe,2031,66.82,0.7039,5955.57
Zimbabwe,2032,67.54,0.7022,6032.22
Zimbabwe,2033,60.09,0.7004,6108.88
Zimbabwe,2034,66.83,0.6987,6185.53
Zimbabwe,2035,66.83,0.6969,6262.18
