Entity,Year,Predicted CO₂ emissions
Afghanistan,2026,13047412.14
Afghanistan,2027,13464670.27
Afghanistan,2028,13881928.41
Afghanistan,2029,14299186.54
Afghanistan,2030,14716444.67
Afghanistan,2031,15133702.8
Afghanistan,2032,15550960.93
Afghanistan,2033,15968219.07
Afghanistan,2034,16385477.2
Afghanistan,2035,16802735.33
Africa (GCP),2026,1573425622.92
Africa (GCP),2027,1596406945.52
Africa (GCP),2028,1619388268.12
Africa (GCP),2029,1642369590.72
Africa (GCP),2030,1665350913.32
Africa (GCP),2031,1688332235.92
Africa (GCP),2032,1711313558.53
Africa (GCP),2033,1734294881.13
Africa (GCP),2034,1757276203.73
Africa (GCP),2035,1780257526.33
Albania,2026,5061775.61
Albania,2027,5086959.09
Albania,2028,5112142.58
Albania,2029,5137326.06
Albania,2030,5162509.55
Albania,2031,5187693.03
Albania,2032,5212876.51
Albania,2033,5238060.0
Albania,2034,5263243.48
Albania,2035,5288426.97
Algeria,2026,213752411.67
Algeria,2027,219271184.78
Algeria,2028,224789957.9
Algeria,2029,230308731.02
Algeria,2030,235827504.14
Algeria,2031,241346277.26
Algeria,2032,246865050.38
Algeria,2033,252383823.5
Algeria,2034,257902596.62
Algeria,2035,263421369.74
Andorra,2026,391886.17
Andorra,2027,384184.54
Andorra,2028,376482.92
Andorra,2029,368781.29
Andorra,2030,361079.67
Andorra,2031,353378.05
Andorra,2032,345676.42
Andorra,2033,337974.8
Andorra,2034,330273.17
Andorra,2035,322571.55
Angola,2026,23588770.72
Angola,2027,23741765.73
Angola,2028,23894760.74
Angola,2029,24047755.75
Angola,2030,24200750.76
Angola,2031,24353745.77
Angola,2032,24506740.78
Angola,2033,24659735.79
Angola,2034,24812730.81
Angola,2035,24965725.82
Anguilla,2026,147171.46
Anguilla,2027,148668.93
Anguilla,2028,150166.39
Anguilla,2029,151663.86
Anguilla,2030,153161.33
Anguilla,2031,154658.79
Anguilla,2032,156156.26
Anguilla,2033,157653.72
Anguilla,2034,159151.19
Anguilla,2035,160648.66
Antarctica,2026,0.0
Antarctica,2027,0.0
Antarctica,2028,0.0
Antarctica,2029,0.0
Antarctica,2030,0.0
Antarctica,2031,0.0
Antarctica,2032,0.0
Antarctica,2033,0.0
Antarctica,2034,0.0
Antarctica,2035,0.0
Antigua and Barbuda,2026,674172.35
Antigua and Barbuda,2027,682240.41
Antigua and Barbuda,2028,690308.48
Antigua and Barbuda,2029,698376.54
Antigua and Barbuda,2030,706444.6
Antigua and Barbuda,2031,714512.66
Antigua and Barbuda,2032,722580.72
Antigua and Barbuda,2033,730648.78
Antigua and Barbuda,2034,738716.84
Antigua and Barbuda,2035,746784.9
Argentina,2026,183432692.39
Argentina,2027,183550998.73
Argentina,2028,183669305.07
Argentina,2029,183787611.41
Argentina,2030,183905917.74
Argentina,2031,184024224.08
Argentina,2032,184142530.42
Argentina,2033,184260836.76
Argentina,2034,184379143.1
Argentina,2035,184497449.44
Armenia,2026,7653213.73
Armenia,2027,7818913.38
Armenia,2028,7984613.03
Armenia,2029,8150312.68
Armenia,2030,8316012.33
Armenia,2031,8481711.98
Armenia,2032,8647411.63
Armenia,2033,8813111.28
Armenia,2034,8978810.93
Armenia,2035,9144510.58
Aruba,2026,82988.84
Aruba,2027,0.0
Aruba,2028,0.0
Aruba,2029,0.0
Aruba,2030,0.0
Aruba,2031,0.0
Aruba,2032,0.0
Aruba,2033,0.0
Aruba,2034,0.0
Aruba,2035,0.0
Asia (GCP),2026,21518815270.68
Asia (GCP),2027,21985621620.3
Asia (GCP),2028,22452427969.92
Asia (GCP),2029,22919234319.55
Asia (GCP),2030,23386040669.17
Asia (GCP),2031,23852847018.8
Asia (GCP),2032,24319653368.42
Asia (GCP),2033,24786459718.05
Asia (GCP),2034,25253266067.67
Asia (GCP),2035,25720072417.29
Asia (excl. China and India),2026,8320701671.5
Asia (excl. China and India),2027,8451226285.11
Asia (excl. China and India),2028,8581750898.72
Asia (excl. China and India),2029,8712275512.33
Asia (excl. China and India),2030,8842800125.94
Asia (excl. China and India),2031,8973324739.55
Asia (excl. China and India),2032,9103849353.16
Asia (excl. China and India),2033,9234373966.77
Asia (excl. China and India),2034,9364898580.38
Asia (excl. China and India),2035,9495423193.98
Australia,2026,396227095.98
Australia,2027,395957769.55
Australia,2028,395688443.11
Australia,2029,395419116.68
Australia,2030,395149790.24
Australia,2031,394880463.8
Australia,2032,394611137.37
Australia,2033,394341810.93
Australia,2034,394072484.5
Australia,2035,393803158.06
Austria,2026,57548182.64
Austria,2027,56673330.51
Austria,2028,55798478.37
Austria,2029,54923626.24
Austria,2030,54048774.1
Austria,2031,53173921.97
Austria,2032,52299069.83
Austria,2033,51424217.7
Austria,2034,50549365.56
Austria,2035,49674513.43
Azerbaijan,2026,40727431.58
Azerbaijan,2027,41251332.86
Azerbaijan,2028,41775234.14
Azerbaijan,2029,42299135.41
Azerbaijan,2030,42823036.69
Azerbaijan,2031,43346937.97
Azerbaijan,2032,43870839.24
Azerbaijan,2033,44394740.52
Azerbaijan,2034,44918641.8
Azerbaijan,2035,45442543.07
Bahamas,2026,2941882.0
Bahamas,2027,2998169.17
Bahamas,2028,3054456.33
Bahamas,2029,3110743.5
Bahamas,2030,3167030.66
Bahamas,2031,3223317.83
Bahamas,2032,3279604.99
Bahamas,2033,3335892.16
Bahamas,2034,3392179.32
Bahamas,2035,3448466.49
Bahrain,2026,40659073.4
Bahrain,2027,41426829.26
Bahrain,2028,42194585.13
Bahrain,2029,42962341.0
Bahrain,2030,43730096.87
Bahrain,2031,44497852.74
Bahrain,2032,45265608.61
Bahrain,2033,46033364.48
Bahrain,2034,46801120.35
Bahrain,2035,47568876.22
Bangladesh,2026,118390966.92
Bangladesh,2027,122363226.96
Bangladesh,2028,126335487.01
Bangladesh,2029,130307747.05
Bangladesh,2030,134280007.1
Bangladesh,2031,138252267.14
Bangladesh,2032,142224527.19
Bangladesh,2033,146196787.23
Bangladesh,2034,150169047.28
Bangladesh,2035,154141307.32
Barbados,2026,1249891.47
Barbados,2027,1233171.16
Barbados,2028,1216450.86
Barbados,2029,1199730.56
Barbados,2030,1183010.25
Barbados,2031,1166289.95
Barbados,2032,1149569.65
Barbados,2033,1132849.34
Barbados,2034,1116129.04
Barbados,2035,1099408.74
Belarus,2026,57864778.11
Belarus,2027,57640789.96
Belarus,2028,57416801.81
Belarus,2029,57192813.66
Belarus,2030,56968825.52
Belarus,2031,56744837.37
Belarus,2032,56520849.22
Belarus,2033,56296861.07
Belarus,2034,56072872.93
Belarus,2035,55848884.78
Belgium,2026,80792568.8
Belgium,2027,78835810.89
Belgium,2028,76879052.98
Belgium,2029,74922295.06
Belgium,2030,72965537.15
Belgium,2031,71008779.24
Belgium,2032,69052021.33
Belgium,2033,67095263.41
Belgium,2034,65138505.5
Belgium,2035,63181747.59
Belize,2026,819717.83
Belize,2027,839149.14
Belize,2028,858580.44
Belize,2029,878011.74
Belize,2030,897443.05
Belize,2031,916874.35
Belize,2032,936305.65
Belize,2033,955736.95
Belize,2034,975168.26
Belize,2035,994599.56
Benin,2026,6644661.63
Benin,2027,6799089.07
Benin,2028,6953516.51
Benin,2029,7107943.95
Benin,2030,7262371.38
Benin,2031,7416798.82
Benin,2032,7571226.26
Benin,2033,7725653.7
Benin,2034,7880081.13
Benin,2035,8034508.57
Bermuda,2026,527452.85
Bermuda,2027,523957.63
Bermuda,2028,520462.41
Bermuda,2029,516967.19
Bermuda,2030,513471.98
Bermuda,2031,509976.76
Bermuda,2032,506481.54
Bermuda,2033,502986.32
Bermuda,2034,499491.11
Bermuda,2035,495995.89
Bhutan,2026,1961817.1
Bhutan,2027,2029181.19
Bhutan,2028,2096545.28
Bhutan,2029,2163909.37
Bhutan,2030,2231273.45
Bhutan,2031,2298637.54
Bhutan,2032,2366001.63
Bhutan,2033,2433365.72
Bhutan,2034,2500729.8
Bhutan,2035,2568093.89
Bolivia,2026,27378454.83
Bolivia,2027,28126267.8
Bolivia,2028,28874080.77
Bolivia,2029,29621893.75
Bolivia,2030,30369706.72
Bolivia,2031,31117519.69
Bolivia,2032,31865332.66
Bolivia,2033,32613145.64
Bolivia,2034,33360958.61
Bolivia,2035,34108771.58
Bonaire Sint Eustatius and Saba,2026,156816.53
Bonaire Sint Eustatius and Saba,2027,159906.46
Bonaire Sint Eustatius and Saba,2028,162996.39
Bonaire Sint Eustatius and Saba,2029,166086.31
Bonaire Sint Eustatius and Saba,2030,169176.24
Bonaire Sint Eustatius and Saba,2031,172266.17
Bonaire Sint Eustatius and Saba,2032,175356.1
Bonaire Sint Eustatius and Saba,2033,178446.03
Bonaire Sint Eustatius and Saba,2034,181535.96
Bonaire Sint Eustatius and Saba,2035,184625.89
Bosnia and Herzegovina,2026,21732128.3
Bosnia and Herzegovina,2027,21852546.51
Bosnia and Herzegovina,2028,21972964.72
Bosnia and Herzegovina,2029,22093382.93
Bosnia and Herzegovina,2030,22213801.14
Bosnia and Herzegovina,2031,22334219.35
Bosnia and Herzegovina,2032,22454637.56
Bosnia and Herzegovina,2033,22575055.77
Bosnia and Herzegovina,2034,22695473.98
Bosnia and Herzegovina,2035,22815892.18
Botswana,2026,8223764.41
Botswana,2027,8434929.86
Botswana,2028,8646095.31
Botswana,2029,8857260.77
Botswana,2030,9068426.22
Botswana,2031,9279591.68
Botswana,2032,9490757.13
Botswana,2033,9701922.58
Botswana,2034,9913088.04
Botswana,2035,10124253.49
Brazil,2026,529233621.29
Brazil,2027,534923103.8
Brazil,2028,540612586.3
Brazil,2029,546302068.8
Brazil,2030,551991551.31
Brazil,2031,557681033.81
Brazil,2032,563370516.32
Brazil,2033,569059998.82
Brazil,2034,574749481.32
Brazil,2035,580438963.83
British Virgin Islands,2026,190732.49
British Virgin Islands,2027,190498.01
British Virgin Islands,2028,190263.52
British Virgin Islands,2029,190029.04
British Virgin Islands,2030,189794.56
British Virgin Islands,2031,189560.07
British Virgin Islands,2032,189325.59
British Virgin Islands,2033,189091.11
British Virgin Islands,2034,188856.62
British Virgin Islands,2035,188622.14
Brunei,2026,12285303.56
Brunei,2027,12555642.69
Brunei,2028,12825981.82
Brunei,2029,13096320.94
Brunei,2030,13366660.07
Brunei,2031,13636999.2
Brunei,2032,13907338.32
Brunei,2033,14177677.45
Brunei,2034,14448016.58
Brunei,2035,14718355.7
Bulgaria,2026,35731171.81
Bulgaria,2027,34866692.63
Bulgaria,2028,34002213.44
Bulgaria,2029,33137734.26
Bulgaria,2030,32273255.08
Bulgaria,2031,31408775.9
Bulgaria,2032,30544296.72
Bulgaria,2033,29679817.53
Bulgaria,2034,28815338.35
Bulgaria,2035,27950859.17
Burkina Faso,2026,7461588.81
Burkina Faso,2027,7786438.76
Burkina Faso,2028,8111288.71
Burkina Faso,2029,8436138.66
Burkina Faso,2030,8760988.61
Burkina Faso,2031,9085838.56
Burkina Faso,2032,9410688.51
Burkina Faso,2033,9735538.45
Burkina Faso,2034,10060388.4
Burkina Faso,2035,10385238.35
Burundi,2026,965452.64
Burundi,2027,1007159.43
Burundi,2028,1048866.22
Burundi,2029,1090573.01
Burundi,2030,1132279.8
Burundi,2031,1173986.59
Burundi,2032,1215693.38
Burundi,2033,1257400.17
Burundi,2034,1299106.96
Burundi,2035,1340813.75
Cambodia,2026,24407914.64
Cambodia,2027,25596835.86
Cambodia,2028,26785757.07
Cambodia,2029,27974678.29
Cambodia,2030,29163599.5
Cambodia,2031,30352520.72
Cambodia,2032,31541441.93
Cambodia,2033,32730363.15
Cambodia,2034,33919284.36
Cambodia,2035,35108205.58
Cameroon,2026,10967137.55
Cameroon,2027,11171527.11
Cameroon,2028,11375916.67
Cameroon,2029,11580306.23
Cameroon,2030,11784695.79
Cameroon,2031,11989085.35
Cameroon,2032,12193474.92
Cameroon,2033,12397864.48
Cameroon,2034,12602254.04
Cameroon,2035,12806643.6
Canada,2026,541101170.28
Canada,2027,539544403.35
Canada,2028,537987636.41
Canada,2029,536430869.48
Canada,2030,534874102.55
Canada,2031,533317335.62
Canada,2032,531760568.68
Canada,2033,530203801.75
Canada,2034,528647034.82
Canada,2035,527090267.89
Cape Verde,2026,606027.57
Cape Verde,2027,611871.85
Cape Verde,2028,617716.12
Cape Verde,2029,623560.39
Cape Verde,2030,629404.66
Cape Verde,2031,635248.93
Cape Verde,2032,641093.2
Cape Verde,2033,646937.48
Cape Verde,2034,652781.75
Cape Verde,2035,658626.02
Central African Republic,2026,408973.48
Central African Republic,2027,424416.85
Central African Republic,2028,439860.21
Central African Republic,2029,455303.58
Central African Republic,2030,470746.94
Central African Republic,2031,486190.3
Central African Republic,2032,501633.67
Central African Republic,2033,517077.03
Central African Republic,2034,532520.39
Central African Republic,2035,547963.76
Central America (GCP),2026,181250301.23
Central America (GCP),2027,182147960.77
Central America (GCP),2028,183045620.31
Central America (GCP),2029,183943279.85
Central America (GCP),2030,184840939.39
Central America (GCP),2031,185738598.93
Central America (GCP),2032,186636258.47
Central America (GCP),2033,187533918.02
Central America (GCP),2034,188431577.56
Central America (GCP),2035,189329237.1
Chad,2026,3250124.74
Chad,2027,3363804.06
Chad,2028,3477483.38
Chad,2029,3591162.71
Chad,2030,3704842.03
Chad,2031,3818521.36
Chad,2032,3932200.68
Chad,2033,4045880.01
Chad,2034,4159559.33
Chad,2035,4273238.66
Chile,2026,89625478.15
Chile,2027,90666965.85
Chile,2028,91708453.54
Chile,2029,92749941.23
Chile,2030,93791428.92
Chile,2031,94832916.61
Chile,2032,95874404.31
Chile,2033,96915892.0
Chile,2034,97957379.69
Chile,2035,98998867.38
China,2026,13011148983.46
China,2027,13309714333.76
China,2028,13608279684.06
China,2029,13906845034.36
China,2030,14205410384.66
China,2031,14503975734.96
China,2032,14802541085.26
China,2033,15101106435.56
China,2034,15399671785.86
China,2035,15698237136.17
Christmas Island,2026,0.0
Christmas Island,2027,0.0
Christmas Island,2028,0.0
Christmas Island,2029,0.0
Christmas Island,2030,0.0
Christmas Island,2031,0.0
Christmas Island,2032,0.0
Christmas Island,2033,0.0
Christmas Island,2034,0.0
Christmas Island,2035,0.0
Colombia,2026,104987474.58
Colombia,2027,106925960.57
Colombia,2028,108864446.56
Colombia,2029,110802932.55
Colombia,2030,112741418.54
Colombia,2031,114679904.53
Colombia,2032,116618390.52
Colombia,2033,118556876.51
Colombia,2034,120495362.49
Colombia,2035,122433848.48
Comoros,2026,529433.7
Comoros,2027,552824.26
Comoros,2028,576214.83
Comoros,2029,599605.4
Comoros,2030,622995.97
Comoros,2031,646386.54
Comoros,2032,669777.11
Comoros,2033,693167.68
Comoros,2034,716558.25
Comoros,2035,739948.82
Congo,2026,8760471.46
Congo,2027,8994852.0
Congo,2028,9229232.55
Congo,2029,9463613.09
Congo,2030,9697993.64
Congo,2031,9932374.18
Congo,2032,10166754.73
Congo,2033,10401135.27
Congo,2034,10635515.82
Congo,2035,10869896.36
Cook Islands,2026,81674.71
Cook Islands,2027,82392.62
Cook Islands,2028,83110.52
Cook Islands,2029,83828.43
Cook Islands,2030,84546.33
Cook Islands,2031,85264.24
Cook Islands,2032,85982.14
Cook Islands,2033,86700.05
Cook Islands,2034,87417.95
Cook Islands,2035,88135.86
Costa Rica,2026,8196345.95
Costa Rica,2027,8244428.45
Costa Rica,2028,8292510.96
Costa Rica,2029,8340593.47
Costa Rica,2030,8388675.97
Costa Rica,2031,8436758.48
Costa Rica,2032,8484840.99
Costa Rica,2033,8532923.49
Costa Rica,2034,8581006.0
Costa Rica,2035,8629088.51
Cote d'Ivoire,2026,15178757.98
Cote d'Ivoire,2027,15642511.58
Cote d'Ivoire,2028,16106265.18
Cote d'Ivoire,2029,16570018.78
Cote d'Ivoire,2030,17033772.38
Cote d'Ivoire,2031,17497525.98
Cote d'Ivoire,2032,17961279.57
Cote d'Ivoire,2033,18425033.17
Cote d'Ivoire,2034,18888786.77
Cote d'Ivoire,2035,19352540.37
Croatia,2026,15557990.85
Croatia,2027,15204566.15
Croatia,2028,14851141.46
Croatia,2029,14497716.77
Croatia,2030,14144292.08
Croatia,2031,13790867.39
Croatia,2032,13437442.69
Croatia,2033,13084018.0
Croatia,2034,12730593.31
Croatia,2035,12377168.62
Cuba,2026,22499183.24
Cuba,2027,22181753.26
Cuba,2028,21864323.28
Cuba,2029,21546893.31
Cuba,2030,21229463.33
Cuba,2031,20912033.35
Cuba,2032,20594603.37
Cuba,2033,20277173.39
Cuba,2034,19959743.41
Cuba,2035,19642313.43
Curacao,2026,2221439.09
Curacao,2027,2013925.0
Curacao,2028,1806410.91
Curacao,2029,1598896.82
Curacao,2030,1391382.73
Curacao,2031,1183868.64
Curacao,2032,976354.55
Curacao,2033,768840.46
Curacao,2034,561326.37
Curacao,2035,353812.29
Cyprus,2026,6675756.3
Cyprus,2027,6603188.05
Cyprus,2028,6530619.79
Cyprus,2029,6458051.53
Cyprus,2030,6385483.28
Cyprus,2031,6312915.02
Cyprus,2032,6240346.76
Cyprus,2033,6167778.51
Cyprus,2034,6095210.25
Cyprus,2035,6022641.99
Czechia,2026,81056699.81
Czechia,2027,78791035.03
Czechia,2028,76525370.24
Czechia,2029,74259705.46
Czechia,2030,71994040.68
Czechia,2031,69728375.9
Czechia,2032,67462711.12
Czechia,2033,65197046.33
Czechia,2034,62931381.55
Czechia,2035,60665716.77
Democratic Republic of Congo,2026,5652338.24
Democratic Republic of Congo,2027,5826562.11
Democratic Republic of Congo,2028,6000785.97
Democratic Republic of Congo,2029,6175009.84
Democratic Republic of Congo,2030,6349233.7
Democratic Republic of Congo,2031,6523457.57
Democratic Republic of Congo,2032,6697681.43
Democratic Republic of Congo,2033,6871905.3
Democratic Republic of Congo,2034,7046129.16
Democratic Republic of Congo,2035,7220353.03
Denmark,2026,21347568.12
Denmark,2027,19747690.01
Denmark,2028,18147811.9
Denmark,2029,16547933.79
Denmark,2030,14948055.68
Denmark,2031,13348177.56
Denmark,2032,11748299.45
Denmark,2033,10148421.34
Denmark,2034,8548543.23
Denmark,2035,6948665.12
Djibouti,2026,545379.04
Djibouti,2027,552827.03
Djibouti,2028,560275.02
Djibouti,2029,567723.01
Djibouti,2030,575171.0
Djibouti,2031,582618.99
Djibouti,2032,590066.98
Djibouti,2033,597514.97
Djibouti,2034,604962.96
Djibouti,2035,612410.95
Dominica,2026,167576.7
Dominica,2027,167850.45
Dominica,2028,168124.21
Dominica,2029,168397.97
Dominica,2030,168671.72
Dominica,2031,168945.48
Dominica,2032,169219.24
Dominica,2033,169492.99
Dominica,2034,169766.75
Dominica,2035,170040.51
Dominican Republic,2026,32457639.26
Dominican Republic,2027,33205612.71
Dominican Republic,2028,33953586.17
Dominican Republic,2029,34701559.63
Dominican Republic,2030,35449533.09
Dominican Republic,2031,36197506.54
Dominican Republic,2032,36945480.0
Dominican Republic,2033,37693453.46
Dominican Republic,2034,38441426.91
Dominican Republic,2035,39189400.37
East Timor,2026,794858.34
East Timor,2027,817986.94
East Timor,2028,841115.54
East Timor,2029,864244.14
East Timor,2030,887372.74
East Timor,2031,910501.34
East Timor,2032,933629.94
East Timor,2033,956758.54
East Timor,2034,979887.14
East Timor,2035,1003015.73
Ecuador,2026,44588877.77
Ecuador,2027,45176083.94
Ecuador,2028,45763290.11
Ecuador,2029,46350496.29
Ecuador,2030,46937702.46
Ecuador,2031,47524908.63
Ecuador,2032,48112114.8
Ecuador,2033,48699320.97
Ecuador,2034,49286527.14
Ecuador,2035,49873733.31
Egypt,2026,276024611.09
Egypt,2027,280497728.71
Egypt,2028,284970846.32
Egypt,2029,289443963.94
Egypt,2030,293917081.56
Egypt,2031,298390199.17
Egypt,2032,302863316.79
Egypt,2033,307336434.41
Egypt,2034,311809552.02
Egypt,2035,316282669.64
El Salvador,2026,7817237.59
El Salvador,2027,7907000.91
El Salvador,2028,7996764.22
El Salvador,2029,8086527.54
El Salvador,2030,8176290.86
El Salvador,2031,8266054.17
El Salvador,2032,8355817.49
El Salvador,2033,8445580.81
El Salvador,2034,8535344.12
El Salvador,2035,8625107.44
Equatorial Guinea,2026,7355317.87
Equatorial Guinea,2027,7417364.1
Equatorial Guinea,2028,7479410.33
Equatorial Guinea,2029,7541456.55
Equatorial Guinea,2030,7603502.78
Equatorial Guinea,2031,7665549.01
Equatorial Guinea,2032,7727595.24
Equatorial Guinea,2033,7789641.46
Equatorial Guinea,2034,7851687.69
Equatorial Guinea,2035,7913733.92
Eritrea,2026,745323.39
Eritrea,2027,759955.42
Eritrea,2028,774587.45
Eritrea,2029,789219.47
Eritrea,2030,803851.5
Eritrea,2031,818483.52
Eritrea,2032,833115.55
Eritrea,2033,847747.57
Eritrea,2034,862379.6
Eritrea,2035,877011.62
Estonia,2026,9943013.18
Estonia,2027,9458518.81
Estonia,2028,8974024.45
Estonia,2029,8489530.08
Estonia,2030,8005035.71
Estonia,2031,7520541.35
Estonia,2032,7036046.98
Estonia,2033,6551552.61
Estonia,2034,6067058.25
Estonia,2035,5582563.88
Eswatini,2026,1010375.55
Eswatini,2027,1009840.29
Eswatini,2028,1009305.04
Eswatini,2029,1008769.78
Eswatini,2030,1008234.52
Eswatini,2031,1007699.27
Eswatini,2032,1007164.01
Eswatini,2033,1006628.76
Eswatini,2034,1006093.5
Eswatini,2035,1005558.24
Ethiopia,2026,21103227.19
Ethiopia,2027,21921979.7
Ethiopia,2028,22740732.2
Ethiopia,2029,23559484.7
Ethiopia,2030,24378237.21
Ethiopia,2031,25196989.71
Ethiopia,2032,26015742.22
Ethiopia,2033,26834494.72
Ethiopia,2034,27653247.22
Ethiopia,2035,28471999.73
Europe (GCP),2026,4733306671.5
Europe (GCP),2027,4647552165.11
Europe (GCP),2028,4561797658.72
Europe (GCP),2029,4476043152.33
Europe (GCP),2030,4390288645.94
Europe (GCP),2031,4304534139.55
Europe (GCP),2032,4218779633.16
Europe (GCP),2033,4133025126.77
Europe (GCP),2034,4047270620.38
Europe (GCP),2035,3961516113.98
Europe (excl. EU-27),2026,2348720996.54
Europe (excl. EU-27),2027,2328260906.24
Europe (excl. EU-27),2028,2307800815.94
Europe (excl. EU-27),2029,2287340725.64
Europe (excl. EU-27),2030,2266880635.34
Europe (excl. EU-27),2031,2246420545.04
Europe (excl. EU-27),2032,2225960454.74
Europe (excl. EU-27),2033,2205500364.44
Europe (excl. EU-27),2034,2185040274.14
Europe (excl. EU-27),2035,2164580183.83
Europe (excl. EU-28),2026,2089760801.65
Europe (excl. EU-28),2027,2084506449.62
Europe (excl. EU-28),2028,2079252097.59
Europe (excl. EU-28),2029,2073997745.56
Europe (excl. EU-28),2030,2068743393.53
Europe (excl. EU-28),2031,2063489041.5
Europe (excl. EU-28),2032,2058234689.47
Europe (excl. EU-28),2033,2052980337.44
Europe (excl. EU-28),2034,2047725985.41
Europe (excl. EU-28),2035,2042471633.38
European Union (28),2026,2643546020.83
European Union (28),2027,2563045874.81
European Union (28),2028,2482545728.8
European Union (28),2029,2402045582.78
European Union (28),2030,2321545436.77
European Union (28),2031,2241045290.75
European Union (28),2032,2160545144.74
European Union (28),2033,2080044998.72
European Union (28),2034,1999544852.71
European Union (28),2035,1919044706.69
Faroe Islands,2026,738972.12
Faroe Islands,2027,744796.82
Faroe Islands,2028,750621.52
Faroe Islands,2029,756446.22
Faroe Islands,2030,762270.92
Faroe Islands,2031,768095.62
Faroe Islands,2032,773920.33
Faroe Islands,2033,779745.03
Faroe Islands,2034,785569.73
Faroe Islands,2035,791394.43
Fiji,2026,1532584.84
Fiji,2027,1562533.87
Fiji,2028,1592482.9
Fiji,2029,1622431.94
Fiji,2030,1652380.97
Fiji,2031,1682330.0
Fiji,2032,1712279.04
Fiji,2033,1742228.07
Fiji,2034,1772177.1
Fiji,2035,1802126.14
Finland,2026,28138696.88
Finland,2027,26343309.64
Finland,2028,24547922.39
Finland,2029,22752535.15
Finland,2030,20957147.9
Finland,2031,19161760.66
Finland,2032,17366373.41
Finland,2033,15570986.17
Finland,2034,13775598.92
Finland,2035,11980211.68
France,2026,257019604.51
France,2027,249705102.34
France,2028,242390600.17
France,2029,235076097.99
France,2030,227761595.82
France,2031,220447093.65
France,2032,213132591.47
France,2033,205818089.3
France,2034,198503587.13
France,2035,191189084.95
French Polynesia,2026,890422.72
French Polynesia,2027,892089.92
French Polynesia,2028,893757.12
French Polynesia,2029,895424.32
French Polynesia,2030,897091.52
French Polynesia,2031,898758.71
French Polynesia,2032,900425.91
French Polynesia,2033,902093.11
French Polynesia,2034,903760.31
French Polynesia,2035,905427.5
Gabon,2026,5528596.95
Gabon,2027,5530769.71
Gabon,2028,5532942.47
Gabon,2029,5535115.23
Gabon,2030,5537287.99
Gabon,2031,5539460.75
Gabon,2032,5541633.52
Gabon,2033,5543806.28
Gabon,2034,5545979.04
Gabon,2035,5548151.8
Gambia,2026,866126.68
Gambia,2027,893834.04
Gambia,2028,921541.41
Gambia,2029,949248.78
Gambia,2030,976956.15
Gambia,2031,1004663.52
Gambia,2032,1032370.88
Gambia,2033,1060078.25
Gambia,2034,1087785.62
Gambia,2035,1115492.99
Georgia,2026,13011738.41
Georgia,2027,13375969.76
Georgia,2028,13740201.11
Georgia,2029,14104432.46
Georgia,2030,14468663.81
Georgia,2031,14832895.16
Georgia,2032,15197126.51
Georgia,2033,15561357.85
Georgia,2034,15925589.2
Georgia,2035,16289820.55
Germany,2026,603930785.96
Germany,2027,589808716.87
Germany,2028,575686647.78
Germany,2029,561564578.69
Germany,2030,547442509.6
Germany,2031,533320440.51
Germany,2032,519198371.42
Germany,2033,505076302.33
Germany,2034,490954233.24
Germany,2035,476832164.15
Ghana,2026,22675274.71
Ghana,2027,23469928.76
Ghana,2028,24264582.81
Ghana,2029,25059236.86
Ghana,2030,25853890.91
Ghana,2031,26648544.96
Ghana,2032,27443199.01
Ghana,2033,28237853.06
Ghana,2034,29032507.11
Ghana,2035,29827161.17
Greece,2026,40008678.82
Greece,2027,36380914.12
Greece,2028,32753149.42
Greece,2029,29125384.72
Greece,2030,25497620.02
Greece,2031,21869855.31
Greece,2032,18242090.61
Greece,2033,14614325.91
Greece,2034,10986561.21
Greece,2035,7358796.5
Greenland,2026,533166.3
Greenland,2027,528800.36
Greenland,2028,524434.43
Greenland,2029,520068.49
Greenland,2030,515702.56
Greenland,2031,511336.63
Greenland,2032,506970.69
Greenland,2033,502604.76
Greenland,2034,498238.82
Greenland,2035,493872.89
Grenada,2026,362924.0
Grenada,2027,369895.61
Grenada,2028,376867.22
Grenada,2029,383838.83
Grenada,2030,390810.45
Grenada,2031,397782.06
Grenada,2032,404753.67
Grenada,2033,411725.28
Grenada,2034,418696.9
Grenada,2035,425668.51
Guatemala,2026,21310248.44
Guatemala,2027,21858591.83
Guatemala,2028,22406935.22
Guatemala,2029,22955278.6
Guatemala,2030,23503621.99
Guatemala,2031,24051965.38
Guatemala,2032,24600308.76
Guatemala,2033,25148652.15
Guatemala,2034,25696995.54
Guatemala,2035,26245338.92
Guinea,2026,4715316.33
Guinea,2027,4865350.28
Guinea,2028,5015384.23
Guinea,2029,5165418.17
Guinea,2030,5315452.12
Guinea,2031,5465486.06
Guinea,2032,5615520.01
Guinea,2033,5765553.95
Guinea,2034,5915587.9
Guinea,2035,6065621.84
Guinea-Bissau,2026,359953.25
Guinea-Bissau,2027,374952.27
Guinea-Bissau,2028,389951.29
Guinea-Bissau,2029,404950.3
Guinea-Bissau,2030,419949.32
Guinea-Bissau,2031,434948.34
Guinea-Bissau,2032,449947.36
Guinea-Bissau,2033,464946.37
Guinea-Bissau,2034,479945.39
Guinea-Bissau,2035,494944.41
Guyana,2026,4026370.39
Guyana,2027,4164303.83
Guyana,2028,4302237.27
Guyana,2029,4440170.71
Guyana,2030,4578104.14
Guyana,2031,4716037.58
Guyana,2032,4853971.02
Guyana,2033,4991904.46
Guyana,2034,5129837.9
Guyana,2035,5267771.34
Haiti,2026,3616981.66
Haiti,2027,3706764.18
Haiti,2028,3796546.7
Haiti,2029,3886329.23
Haiti,2030,3976111.75
Haiti,2031,4065894.27
Haiti,2032,4155676.79
Haiti,2033,4245459.32
Haiti,2034,4335241.84
Haiti,2035,4425024.36
Honduras,2026,12672491.28
Honduras,2027,12930417.55
Honduras,2028,13188343.82
Honduras,2029,13446270.1
Honduras,2030,13704196.37
Honduras,2031,13962122.65
Honduras,2032,14220048.92
Honduras,2033,14477975.2
Honduras,2034,14735901.47
Honduras,2035,14993827.74
Hong Kong,2026,33917377.65
Hong Kong,2027,33363059.04
Hong Kong,2028,32808740.44
Hong Kong,2029,32254421.83
Hong Kong,2030,31700103.23
Hong Kong,2031,31145784.63
Hong Kong,2032,30591466.02
Hong Kong,2033,30037147.42
Hong Kong,2034,29482828.81
Hong Kong,2035,28928510.21
Hungary,2026,39989057.73
Hungary,2027,39182148.23
Hungary,2028,38375238.74
Hungary,2029,37568329.25
Hungary,2030,36761419.75
Hungary,2031,35954510.26
Hungary,2032,35147600.77
Hungary,2033,34340691.28
Hungary,2034,33533781.78
Hungary,2035,32726872.29
Iceland,2026,3654369.06
Iceland,2027,3666347.07
Iceland,2028,3678325.08
Iceland,2029,3690303.09
Iceland,2030,3702281.1
Iceland,2031,3714259.11
Iceland,2032,3726237.12
Iceland,2033,3738215.13
Iceland,2034,3750193.14
Iceland,2035,3762171.15
India,2026,3284525250.15
India,2027,3383602004.51
India,2028,3482678758.87
India,2029,3581755513.23
India,2030,3680832267.59
India,2031,3779909021.95
India,2032,3878985776.32
India,2033,3978062530.68
India,2034,4077139285.04
India,2035,4176216039.4
Indonesia,2026,806319936.92
Indonesia,2027,829349030.52
Indonesia,2028,852378124.12
Indonesia,2029,875407217.72
Indonesia,2030,898436311.32
Indonesia,2031,921465404.92
Indonesia,2032,944494498.53
Indonesia,2033,967523592.13
Indonesia,2034,990552685.73
Indonesia,2035,1013581779.33
International aviation,2026,491056159.52
International aviation,2027,493172505.56
International aviation,2028,495288851.61
International aviation,2029,497405197.65
International aviation,2030,499521543.7
International aviation,2031,501637889.74
International aviation,2032,503754235.79
International aviation,2033,505870581.83
International aviation,2034,507986927.88
International aviation,2035,510103273.92
International shipping,2026,619392564.41
International shipping,2027,620329095.41
International shipping,2028,621265626.4
International shipping,2029,622202157.39
International shipping,2030,623138688.38
International shipping,2031,624075219.38
International shipping,2032,625011750.37
International shipping,2033,625948281.36
International shipping,2034,626884812.35
International shipping,2035,627821343.35
Iran,2026,839782226.93
Iran,2027,857205355.97
Iran,2028,874628485.01
Iran,2029,892051614.05
Iran,2030,909474743.08
Iran,2031,926897872.12
Iran,2032,944321001.16
Iran,2033,961744130.2
Iran,2034,979167259.23
Iran,2035,996590388.27
Iraq,2026,238458756.63
Iraq,2027,246106192.97
Iraq,2028,253753629.31
Iraq,2029,261401065.65
Iraq,2030,269048501.99
Iraq,2031,276695938.33
Iraq,2032,284343374.67
Iraq,2033,291990811.02
Iraq,2034,299638247.36
Iraq,2035,307285683.7
Ireland,2026,31886388.22
Ireland,2027,31200543.48
Ireland,2028,30514698.73
Ireland,2029,29828853.98
Ireland,2030,29143009.24
Ireland,2031,28457164.49
Ireland,2032,27771319.75
Ireland,2033,27085475.0
Ireland,2034,26399630.26
Ireland,2035,25713785.51
Israel,2026,56821371.79
Israel,2027,56376440.39
Israel,2028,55931509.0
Israel,2029,55486577.61
Israel,2030,55041646.22
Israel,2031,54596714.82
Israel,2032,54151783.43
Israel,2033,53706852.04
Israel,2034,53261920.65
Israel,2035,52816989.25
Italy,2026,265125935.11
Italy,2027,254594038.38
Italy,2028,244062141.65
Italy,2029,233530244.92
Italy,2030,222998348.2
Italy,2031,212466451.47
Italy,2032,201934554.74
Italy,2033,191402658.01
Italy,2034,180870761.28
Italy,2035,170338864.55
Jamaica,2026,6975868.79
Jamaica,2027,6837650.85
Jamaica,2028,6699432.91
Jamaica,2029,6561214.97
Jamaica,2030,6422997.03
Jamaica,2031,6284779.09
Jamaica,2032,6146561.15
Jamaica,2033,6008343.21
Jamaica,2034,5870125.27
Jamaica,2035,5731907.33
Japan,2026,991199520.44
Japan,2027,975201975.08
Japan,2028,959204429.73
Japan,2029,943206884.38
Japan,2030,927209339.02
Japan,2031,911211793.67
Japan,2032,895214248.32
Japan,2033,879216702.96
Japan,2034,863219157.61
Japan,2035,847221612.26
Jordan,2026,24394342.76
Jordan,2027,24516500.87
Jordan,2028,24638658.98
Jordan,2029,24760817.09
Jordan,2030,24882975.2
Jordan,2031,25005133.31
Jordan,2032,25127291.42
Jordan,2033,25249449.53
Jordan,2034,25371607.64
Jordan,2035,25493765.75
Kazakhstan,2026,316986173.38
Kazakhstan,2027,321508401.5
Kazakhstan,2028,326030629.62
Kazakhstan,2029,330552857.74
Kazakhstan,2030,335075085.86
Kazakhstan,2031,339597313.98
Kazakhstan,2032,344119542.11
Kazakhstan,2033,348641770.23
Kazakhstan,2034,353163998.35
Kazakhstan,2035,357686226.47
Kenya,2026,23103181.44
Kenya,2027,23820350.59
Kenya,2028,24537519.73
Kenya,2029,25254688.87
Kenya,2030,25971858.01
Kenya,2031,26689027.16
Kenya,2032,27406196.3
Kenya,2033,28123365.44
Kenya,2034,28840534.59
Kenya,2035,29557703.73
Kiribati,2026,75917.48
Kiribati,2027,77314.76
Kiribati,2028,78712.04
Kiribati,2029,80109.32
Kiribati,2030,81506.6
Kiribati,2031,82903.88
Kiribati,2032,84301.16
Kiribati,2033,85698.44
Kiribati,2034,87095.72
Kiribati,2035,88493.0
Kosovo,2026,8893301.1
Kosovo,2027,8977811.55
Kosovo,2028,9062322.01
Kosovo,2029,9146832.47
Kosovo,2030,9231342.92
Kosovo,2031,9315853.38
Kosovo,2032,9400363.84
Kosovo,2033,9484874.29
Kosovo,2034,9569384.75
Kosovo,2035,9653895.21
Kuwait,2026,118590413.38
Kuwait,2027,120691835.95
Kuwait,2028,122793258.51
Kuwait,2029,124894681.08
Kuwait,2030,126996103.64
Kuwait,2031,129097526.2
Kuwait,2032,131198948.77
Kuwait,2033,133300371.33
Kuwait,2034,135401793.9
Kuwait,2035,137503216.46
Kuwaiti Oil Fires (GCP),2026,0.0
Kuwaiti Oil Fires (GCP),2027,0.0
Kuwaiti Oil Fires (GCP),2028,0.0
Kuwaiti Oil Fires (GCP),2029,0.0
Kuwaiti Oil Fires (GCP),2030,0.0
Kuwaiti Oil Fires (GCP),2031,0.0
Kuwaiti Oil Fires (GCP),2032,0.0
Kuwaiti Oil Fires (GCP),2033,0.0
Kuwaiti Oil Fires (GCP),2034,0.0
Kuwaiti Oil Fires (GCP),2035,0.0
Kyrgyzstan,2026,12293372.6
Kyrgyzstan,2027,12587109.68
Kyrgyzstan,2028,12880846.76
Kyrgyzstan,2029,13174583.83
Kyrgyzstan,2030,13468320.91
Kyrgyzstan,2031,13762057.98
Kyrgyzstan,2032,14055795.06
Kyrgyzstan,2033,14349532.14
Kyrgyzstan,2034,14643269.21
Kyrgyzstan,2035,14937006.29
Laos,2026,27928350.06
Laos,2027,29387294.29
Laos,2028,30846238.53
Laos,2029,32305182.76
Laos,2030,33764127.0
Laos,2031,35223071.23
Laos,2032,36682015.47
Laos,2033,38140959.7
Laos,2034,39599903.94
Laos,2035,41058848.17
Latvia,2026,6516630.77
Latvia,2027,6431648.97
Latvia,2028,6346667.16
Latvia,2029,6261685.35
Latvia,2030,6176703.55
Latvia,2031,6091721.74
Latvia,2032,6006739.93
Latvia,2033,5921758.12
Latvia,2034,5836776.32
Latvia,2035,5751794.51
Lebanon,2026,22398200.34
Lebanon,2027,22550246.8
Lebanon,2028,22702293.25
Lebanon,2029,22854339.71
Lebanon,2030,23006386.16
Lebanon,2031,23158432.62
Lebanon,2032,23310479.07
Lebanon,2033,23462525.53
Lebanon,2034,23614571.98
Lebanon,2035,23766618.44
Lesotho,2026,2543268.62
Lesotho,2027,2564164.01
Lesotho,2028,2585059.4
Lesotho,2029,2605954.8
Lesotho,2030,2626850.19
Lesotho,2031,2647745.58
Lesotho,2032,2668640.98
Lesotho,2033,2689536.37
Lesotho,2034,2710431.76
Lesotho,2035,2731327.16
Liberia,2026,865265.59
Liberia,2027,876483.8
Liberia,2028,887702.0
Liberia,2029,898920.2
Liberia,2030,910138.41
Liberia,2031,921356.61
Liberia,2032,932574.81
Liberia,2033,943793.02
Liberia,2034,955011.22
Liberia,2035,966229.42
Libya,2026,64066923.63
Libya,2027,64638922.55
Libya,2028,65210921.46
Libya,2029,65782920.38
Libya,2030,66354919.29
Libya,2031,66926918.21
Libya,2032,67498917.13
Libya,2033,68070916.04
Libya,2034,68642914.96
Libya,2035,69214913.87
Liechtenstein,2026,109137.91
Liechtenstein,2027,103730.55
Liechtenstein,2028,98323.19
Liechtenstein,2029,92915.83
Liechtenstein,2030,87508.47
Liechtenstein,2031,82101.11
Liechtenstein,2032,76693.75
Liechtenstein,2033,71286.39
Liechtenstein,2034,65879.03
Liechtenstein,2035,60471.67
Lithuania,2026,12597726.32
Lithuania,2027,12515804.88
Lithuania,2028,12433883.43
Lithuania,2029,12351961.98
Lithuania,2030,12270040.54
Lithuania,2031,12188119.09
Lithuania,2032,12106197.65
Lithuania,2033,12024276.2
Lithuania,2034,11942354.76
Lithuania,2035,11860433.31
Luxembourg,2026,6789412.74
Luxembourg,2027,6532229.85
Luxembourg,2028,6275046.96
Luxembourg,2029,6017864.07
Luxembourg,2030,5760681.19
Luxembourg,2031,5503498.3
Luxembourg,2032,5246315.41
Luxembourg,2033,4989132.52
Luxembourg,2034,4731949.63
Luxembourg,2035,4474766.75
Macao,2026,1087802.34
Macao,2027,1066688.53
Macao,2028,1045574.71
Macao,2029,1024460.9
Macao,2030,1003347.08
Macao,2031,982233.27
Macao,2032,961119.45
Macao,2033,940005.64
Macao,2034,918891.83
Macao,2035,897778.01
Madagascar,2026,5006105.93
Madagascar,2027,5177613.52
Madagascar,2028,5349121.12
Madagascar,2029,5520628.71
Madagascar,2030,5692136.31
Madagascar,2031,5863643.9
Madagascar,2032,6035151.49
Madagascar,2033,6206659.09
Madagascar,2034,6378166.68
Madagascar,2035,6549674.28
Malawi,2026,1978858.08
Malawi,2027,2039189.23
Malawi,2028,2099520.37
Malawi,2029,2159851.52
Malawi,2030,2220182.67
Malawi,2031,2280513.81
Malawi,2032,2340844.96
Malawi,2033,2401176.1
Malawi,2034,2461507.25
Malawi,2035,2521838.4
Malaysia,2026,307962921.71
Malaysia,2027,314546678.43
Malaysia,2028,321130435.14
Malaysia,2029,327714191.86
Malaysia,2030,334297948.57
Malaysia,2031,340881705.29
Malaysia,2032,347465462.0
Malaysia,2033,354049218.71
Malaysia,2034,360632975.43
Malaysia,2035,367216732.14
Maldives,2026,2423371.51
Maldives,2027,2513887.36
Maldives,2028,2604403.21
Maldives,2029,2694919.06
Maldives,2030,2785434.92
Maldives,2031,2875950.77
Maldives,2032,2966466.62
Maldives,2033,3056982.47
Maldives,2034,3147498.33
Maldives,2035,3238014.18
Mali,2026,7928530.42
Mali,2027,8274415.13
Mali,2028,8620299.84
Mali,2029,8966184.55
Mali,2030,9312069.26
Mali,2031,9657953.97
Mali,2032,10003838.68
Mali,2033,10349723.39
Mali,2034,10695608.11
Mali,2035,11041492.82
Malta,2026,1274352.97
Malta,2027,1200690.81
Malta,2028,1127028.65
Malta,2029,1053366.49
Malta,2030,979704.33
Malta,2031,906042.17
Malta,2032,832380.01
Malta,2033,758717.85
Malta,2034,685055.69
Malta,2035,611393.53
Marshall Islands,2026,157716.54
Marshall Islands,2027,159355.95
Marshall Islands,2028,160995.36
Marshall Islands,2029,162634.77
Marshall Islands,2030,164274.18
Marshall Islands,2031,165913.6
Marshall Islands,2032,167553.01
Marshall Islands,2033,169192.42
Marshall Islands,2034,170831.83
Marshall Islands,2035,172471.24
Mauritania,2026,5709849.81
Mauritania,2027,5931692.83
Mauritania,2028,6153535.84
Mauritania,2029,6375378.85
Mauritania,2030,6597221.87
Mauritania,2031,6819064.88
Mauritania,2032,7040907.9
Mauritania,2033,7262750.91
Mauritania,2034,7484593.93
Mauritania,2035,7706436.94
Mauritius,2026,4671590.56
Mauritius,2027,4723175.99
Mauritius,2028,4774761.43
Mauritius,2029,4826346.86
Mauritius,2030,4877932.29
Mauritius,2031,4929517.72
Mauritius,2032,4981103.15
Mauritius,2033,5032688.58
Mauritius,2034,5084274.02
Mauritius,2035,5135859.45
Mexico,2026,455345569.56
Mexico,2027,454185952.92
Mexico,2028,453026336.27
Mexico,2029,451866719.62
Mexico,2030,450707102.98
Mexico,2031,449547486.33
Mexico,2032,448387869.68
Mexico,2033,447228253.04
Mexico,2034,446068636.39
Mexico,2035,444909019.74
Micronesia (country),2026,155094.37
Micronesia (country),2027,156936.97
Micronesia (country),2028,158779.58
Micronesia (country),2029,160622.19
Micronesia (country),2030,162464.79
Micronesia (country),2031,164307.4
Micronesia (country),2032,166150.0
Micronesia (country),2033,167992.61
Micronesia (country),2034,169835.22
Micronesia (country),2035,171677.82
Middle East (GCP),2026,3106298551.43
Middle East (GCP),2027,3167860202.86
Middle East (GCP),2028,3229421854.29
Middle East (GCP),2029,3290983505.71
Middle East (GCP),2030,3352545157.14
Middle East (GCP),2031,3414106808.57
Middle East (GCP),2032,3475668460.0
Middle East (GCP),2033,3537230111.43
Middle East (GCP),2034,3598791762.86
Middle East (GCP),2035,3660353414.29
Moldova,2026,5387909.8
Moldova,2027,5416914.88
Moldova,2028,5445919.96
Moldova,2029,5474925.03
Moldova,2030,5503930.11
Moldova,2031,5532935.19
Moldova,2032,5561940.27
Moldova,2033,5590945.35
Moldova,2034,5619950.42
Moldova,2035,5648955.5
Mongolia,2026,52823017.37
Mongolia,2027,54889361.79
Mongolia,2028,56955706.2
Mongolia,2029,59022050.62
Mongolia,2030,61088395.03
Mongolia,2031,63154739.45
Mongolia,2032,65221083.86
Mongolia,2033,67287428.28
Mongolia,2034,69353772.69
Mongolia,2035,71420117.11
Montenegro,2026,2472445.59
Montenegro,2027,2491921.53
Montenegro,2028,2511397.48
Montenegro,2029,2530873.43
Montenegro,2030,2550349.37
Montenegro,2031,2569825.32
Montenegro,2032,2589301.26
Montenegro,2033,2608777.21
Montenegro,2034,2628253.16
Montenegro,2035,2647729.1
Montserrat,2026,21104.36
Montserrat,2027,19797.4
Montserrat,2028,18490.45
Montserrat,2029,17183.49
Montserrat,2030,15876.54
Montserrat,2031,14569.58
Montserrat,2032,13262.63
Montserrat,2033,11955.67
Montserrat,2034,10648.72
Montserrat,2035,9341.76
Morocco,2026,73976464.2
Morocco,2027,75305890.26
Morocco,2028,76635316.33
Morocco,2029,77964742.4
Morocco,2030,79294168.47
Morocco,2031,80623594.54
Morocco,2032,81953020.61
Morocco,2033,83282446.68
Morocco,2034,84611872.75
Morocco,2035,85941298.82
Mozambique,2026,10378969.64
Mozambique,2027,10810438.34
Mozambique,2028,11241907.04
Mozambique,2029,11673375.74
Mozambique,2030,12104844.44
Mozambique,2031,12536313.14
Mozambique,2032,12967781.84
Mozambique,2033,13399250.55
Mozambique,2034,13830719.25
Mozambique,2035,14262187.95
Myanmar,2026,37504631.16
Myanmar,2027,38944040.99
Myanmar,2028,40383450.83
Myanmar,2029,41822860.66
Myanmar,2030,43262270.49
Myanmar,2031,44701680.32
Myanmar,2032,46141090.15
Myanmar,2033,47580499.98
Myanmar,2034,49019909.82
Myanmar,2035,50459319.65
Namibia,2026,3901635.6
Namibia,2027,3966664.02
Namibia,2028,4031692.44
Namibia,2029,4096720.87
Namibia,2030,4161749.29
Namibia,2031,4226777.71
Namibia,2032,4291806.13
Namibia,2033,4356834.55
Namibia,2034,4421862.98
Namibia,2035,4486891.4
Nauru,2026,60057.71
Nauru,2027,60901.24
Nauru,2028,61744.77
Nauru,2029,62588.29
Nauru,2030,63431.82
Nauru,2031,64275.35
Nauru,2032,65118.87
Nauru,2033,65962.4
Nauru,2034,66805.93
Nauru,2035,67649.45
Nepal,2026,20227172.21
Nepal,2027,21173582.03
Nepal,2028,22119991.85
Nepal,2029,23066401.67
Nepal,2030,24012811.5
Nepal,2031,24959221.32
Nepal,2032,25905631.14
Nepal,2033,26852040.96
Nepal,2034,27798450.78
Nepal,2035,28744860.6
Netherlands,2026,122554940.18
Netherlands,2027,119520585.75
Netherlands,2028,116486231.31
Netherlands,2029,113451876.88
Netherlands,2030,110417522.44
Netherlands,2031,107383168.0
Netherlands,2032,104348813.57
Netherlands,2033,101314459.13
Netherlands,2034,98280104.7
Netherlands,2035,95245750.26
New Caledonia,2026,6185793.53
New Caledonia,2027,6345391.87
New Caledonia,2028,6504990.21
New Caledonia,2029,6664588.55
New Caledonia,2030,6824186.88
New Caledonia,2031,6983785.22
New Caledonia,2032,7143383.56
New Caledonia,2033,7302981.9
New Caledonia,2034,7462580.23
New Caledonia,2035,7622178.57
New Zealand,2026,32676840.23
New Zealand,2027,32468555.97
New Zealand,2028,32260271.71
New Zealand,2029,32051987.45
New Zealand,2030,31843703.19
New Zealand,2031,31635418.93
New Zealand,2032,31427134.67
New Zealand,2033,31218850.42
New Zealand,2034,31010566.16
New Zealand,2035,30802281.9
Nicaragua,2026,5590817.58
Nicaragua,2027,5652440.61
Nicaragua,2028,5714063.65
Nicaragua,2029,5775686.68
Nicaragua,2030,5837309.71
Nicaragua,2031,5898932.75
Nicaragua,2032,5960555.78
Nicaragua,2033,6022178.81
Nicaragua,2034,6083801.85
Nicaragua,2035,6145424.88
Niger,2026,3571444.51
Niger,2027,3714597.37
Niger,2028,3857750.23
Niger,2029,4000903.09
Niger,2030,4144055.96
Niger,2031,4287208.82
Niger,2032,4430361.68
Niger,2033,4573514.54
Niger,2034,4716667.4
Niger,2035,4859820.26
Nigeria,2026,142767094.06
Nigeria,2027,145309718.54
Nigeria,2028,147852343.02
Nigeria,2029,150394967.49
Nigeria,2030,152937591.97
Nigeria,2031,155480216.44
Nigeria,2032,158022840.92
Nigeria,2033,160565465.39
Nigeria,2034,163108089.87
Nigeria,2035,165650714.34
Niue,2026,8732.32
Niue,2027,8964.8
Niue,2028,9197.28
Niue,2029,9429.76
Niue,2030,9662.24
Niue,2031,9894.72
Niue,2032,10127.19
Niue,2033,10359.67
Niue,2034,10592.15
Niue,2035,10824.63
Non-OECD (GCP),2026,27416337151.88
Non-OECD (GCP),2027,27968870156.39
Non-OECD (GCP),2028,28521403160.9
Non-OECD (GCP),2029,29073936165.41
Non-OECD (GCP),2030,29626469169.92
Non-OECD (GCP),2031,30179002174.44
Non-OECD (GCP),2032,30731535178.95
Non-OECD (GCP),2033,31284068183.46
Non-OECD (GCP),2034,31836601187.97
Non-OECD (GCP),2035,32389134192.48
North America (GCP),2026,5669650705.64
North America (GCP),2027,5602643649.17
North America (GCP),2028,5535636592.71
North America (GCP),2029,5468629536.24
North America (GCP),2030,5401622479.77
North America (GCP),2031,5334615423.31
North America (GCP),2032,5267608366.84
North America (GCP),2033,5200601310.38
North America (GCP),2034,5133594253.91
North America (GCP),2035,5066587197.44
North America (excl. USA),2026,1178276335.11
North America (excl. USA),2027,1176452843.38
North America (excl. USA),2028,1174629351.65
North America (excl. USA),2029,1172805859.92
North America (excl. USA),2030,1170982368.2
North America (excl. USA),2031,1169158876.47
North America (excl. USA),2032,1167335384.74
North America (excl. USA),2033,1165511893.01
North America (excl. USA),2034,1163688401.28
North America (excl. USA),2035,1161864909.55
North Korea,2026,52806630.57
North Korea,2027,52370929.99
North Korea,2028,51935229.4
North Korea,2029,51499528.82
North Korea,2030,51063828.23
North Korea,2031,50628127.65
North Korea,2032,50192427.06
North Korea,2033,49756726.48
North Korea,2034,49321025.89
North Korea,2035,48885325.31
North Macedonia,2026,6266424.5
North Macedonia,2027,6145996.0
North Macedonia,2028,6025567.5
North Macedonia,2029,5905139.0
North Macedonia,2030,5784710.5
North Macedonia,2031,5664281.99
North Macedonia,2032,5543853.49
North Macedonia,2033,5423424.99
North Macedonia,2034,5302996.49
North Macedonia,2035,5182567.99
Norway,2026,40121168.42
Norway,2027,39845952.63
Norway,2028,39570736.84
Norway,2029,39295521.05
Norway,2030,39020305.26
Norway,2031,38745089.47
Norway,2032,38469873.68
Norway,2033,38194657.89
Norway,2034,37919442.11
Norway,2035,37644226.32
OECD (GCP),2026,10979843748.87
OECD (GCP),2027,10835330166.17
OECD (GCP),2028,10690816583.46
OECD (GCP),2029,10546303000.75
OECD (GCP),2030,10401789418.05
OECD (GCP),2031,10257275835.34
OECD (GCP),2032,10112762252.63
OECD (GCP),2033,9968248669.92
OECD (GCP),2034,9823735087.22
OECD (GCP),2035,9679221504.51
Oceania (GCP),2026,439239820.92
Oceania (GCP),2027,438972942.52
Oceania (GCP),2028,438706064.12
Oceania (GCP),2029,438439185.72
Oceania (GCP),2030,438172307.32
Oceania (GCP),2031,437905428.92
Oceania (GCP),2032,437638550.53
Oceania (GCP),2033,437371672.13
Oceania (GCP),2034,437104793.73
Oceania (GCP),2035,436837915.33
Oman,2026,88847300.39
Oman,2027,91165840.53
Oman,2028,93484380.67
Oman,2029,95802920.81
Oman,2030,98121460.94
Oman,2031,100440001.08
Oman,2032,102758541.22
Oman,2033,105077081.36
Oman,2034,107395621.5
Oman,2035,109714161.64
Pakistan,2026,221993536.47
Pakistan,2027,226407583.21
Pakistan,2028,230821629.95
Pakistan,2029,235235676.68
Pakistan,2030,239649723.42
Pakistan,2031,244063770.16
Pakistan,2032,248477816.89
Pakistan,2033,252891863.63
Pakistan,2034,257305910.37
Pakistan,2035,261719957.11
Palau,2026,212581.66
Palau,2027,212237.15
Palau,2028,211892.64
Palau,2029,211548.13
Palau,2030,211203.62
Palau,2031,210859.1
Palau,2032,210514.59
Palau,2033,210170.08
Palau,2034,209825.57
Palau,2035,209481.06
Palestine,2026,4519289.94
Palestine,2027,4650793.28
Palestine,2028,4782296.62
Palestine,2029,4913799.96
Palestine,2030,5045303.3
Palestine,2031,5176806.65
Palestine,2032,5308309.99
Palestine,2033,5439813.33
Palestine,2034,5571316.67
Palestine,2035,5702820.01
Panama,2026,12442861.75
Panama,2027,12691462.41
Panama,2028,12940063.07
Panama,2029,13188663.73
Panama,2030,13437264.39
Panama,2031,13685865.05
Panama,2032,13934465.72
Panama,2033,14183066.38
Panama,2034,14431667.04
Panama,2035,14680267.7
Papua New Guinea,2026,8738024.78
Papua New Guinea,2027,8939332.6
Papua New Guinea,2028,9140640.42
Papua New Guinea,2029,9341948.24
Papua New Guinea,2030,9543256.06
Papua New Guinea,2031,9744563.88
Papua New Guinea,2032,9945871.71
Papua New Guinea,2033,10147179.53
Papua New Guinea,2034,10348487.35
Papua New Guinea,2035,10549795.17
Paraguay,2026,9196189.3
Paraguay,2027,9460290.58
Paraguay,2028,9724391.87
Paraguay,2029,9988493.15
Paraguay,2030,10252594.44
Paraguay,2031,10516695.72
Paraguay,2032,10780797.01
Paraguay,2033,11044898.29
Paraguay,2034,11308999.58
Paraguay,2035,11573100.86
Peru,2026,70768048.59
Peru,2027,72703380.62
Peru,2028,74638712.65
Peru,2029,76574044.67
Peru,2030,78509376.7
Peru,2031,80444708.72
Peru,2032,82380040.75
Peru,2033,84315372.77
Peru,2034,86250704.8
Peru,2035,88186036.82
Philippines,2026,175397350.28
Philippines,2027,181024855.75
Philippines,2028,186652361.21
Philippines,2029,192279866.68
Philippines,2030,197907372.15
Philippines,2031,203534877.62
Philippines,2032,209162383.08
Philippines,2033,214789888.55
Philippines,2034,220417394.02
Philippines,2035,226044899.49
Poland,2026,299214466.81
Poland,2027,297434386.36
Poland,2028,295654305.91
Poland,2029,293874225.46
Poland,2030,292094145.01
Poland,2031,290314064.56
Poland,2032,288533984.11
Poland,2033,286753903.65
Poland,2034,284973823.2
Poland,2035,283193742.75
Portugal,2026,34648157.03
Portugal,2027,33238081.1
Portugal,2028,31828005.17
Portugal,2029,30417929.25
Portugal,2030,29007853.32
Portugal,2031,27597777.39
Portugal,2032,26187701.46
Portugal,2033,24777625.54
Portugal,2034,23367549.61
Portugal,2035,21957473.68
Qatar,2026,129346696.75
Qatar,2027,132848684.65
Qatar,2028,136350672.54
Qatar,2029,139852660.43
Qatar,2030,143354648.32
Qatar,2031,146856636.21
Qatar,2032,150358624.11
Qatar,2033,153860612.0
Qatar,2034,157362599.89
Qatar,2035,160864587.78
Romania,2026,62436450.76
Romania,2027,60537600.92
Romania,2028,58638751.07
Romania,2029,56739901.22
Romania,2030,54841051.38
Romania,2031,52942201.53
Romania,2032,51043351.68
Romania,2033,49144501.84
Romania,2034,47245651.99
Romania,2035,45346802.14
Russia,2026,1731078275.79
Russia,2027,1737527303.68
Russia,2028,1743976331.58
Russia,2029,1750425359.47
Russia,2030,1756874387.37
Russia,2031,1763323415.26
Russia,2032,1769772443.16
Russia,2033,1776221471.05
Russia,2034,1782670498.95
Russia,2035,1789119526.84
Rwanda,2026,2059301.61
Rwanda,2027,2146096.63
Rwanda,2028,2232891.64
Rwanda,2029,2319686.66
Rwanda,2030,2406481.67
Rwanda,2031,2493276.68
Rwanda,2032,2580071.7
Rwanda,2033,2666866.71
Rwanda,2034,2753661.73
Rwanda,2035,2840456.74
Ryukyu Islands (GCP),2026,0.0
Ryukyu Islands (GCP),2027,0.0
Ryukyu Islands (GCP),2028,0.0
Ryukyu Islands (GCP),2029,0.0
Ryukyu Islands (GCP),2030,0.0
Ryukyu Islands (GCP),2031,0.0
Ryukyu Islands (GCP),2032,0.0
Ryukyu Islands (GCP),2033,0.0
Ryukyu Islands (GCP),2034,0.0
Ryukyu Islands (GCP),2035,0.0
Saint Helena,2026,11224.68
Saint Helena,2027,11227.35
Saint Helena,2028,11230.01
Saint Helena,2029,11232.68
Saint Helena,2030,11235.34
Saint Helena,2031,11238.0
Saint Helena,2032,11240.67
Saint Helena,2033,11243.33
Saint Helena,2034,11246.0
Saint Helena,2035,11248.66
Saint Kitts and Nevis,2026,263516.05
Saint Kitts and Nevis,2027,266317.11
Saint Kitts and Nevis,2028,269118.16
Saint Kitts and Nevis,2029,271919.22
Saint Kitts and Nevis,2030,274720.28
Saint Kitts and Nevis,2031,277521.33
Saint Kitts and Nevis,2032,280322.39
Saint Kitts and Nevis,2033,283123.45
Saint Kitts and Nevis,2034,285924.5
Saint Kitts and Nevis,2035,288725.56
Saint Lucia,2026,545836.56
Saint Lucia,2027,551864.71
Saint Lucia,2028,557892.86
Saint Lucia,2029,563921.01
Saint Lucia,2030,569949.16
Saint Lucia,2031,575977.31
Saint Lucia,2032,582005.46
Saint Lucia,2033,588033.61
Saint Lucia,2034,594061.76
Saint Lucia,2035,600089.91
Saint Pierre and Miquelon,2026,57353.45
Saint Pierre and Miquelon,2027,56952.9
Saint Pierre and Miquelon,2028,56552.35
Saint Pierre and Miquelon,2029,56151.8
Saint Pierre and Miquelon,2030,55751.25
Saint Pierre and Miquelon,2031,55350.69
Saint Pierre and Miquelon,2032,54950.14
Saint Pierre and Miquelon,2033,54549.59
Saint Pierre and Miquelon,2034,54149.04
Saint Pierre and Miquelon,2035,53748.49
Saint Vincent and the Grenadines,2026,244181.5
Saint Vincent and the Grenadines,2027,245018.94
Saint Vincent and the Grenadines,2028,245856.38
Saint Vincent and the Grenadines,2029,246693.83
Saint Vincent and the Grenadines,2030,247531.27
Saint Vincent and the Grenadines,2031,248368.71
Saint Vincent and the Grenadines,2032,249206.16
Saint Vincent and the Grenadines,2033,250043.6
Saint Vincent and the Grenadines,2034,250881.04
Saint Vincent and the Grenadines,2035,251718.49
Samoa,2026,270199.58
Samoa,2027,275335.02
Samoa,2028,280470.47
Samoa,2029,285605.92
Samoa,2030,290741.36
Samoa,2031,295876.81
Samoa,2032,301012.25
Samoa,2033,306147.7
Samoa,2034,311283.14
Samoa,2035,316418.59
Sao Tome and Principe,2026,164682.88
Sao Tome and Principe,2027,168666.5
Sao Tome and Principe,2028,172650.12
Sao Tome and Principe,2029,176633.74
Sao Tome and Principe,2030,180617.37
Sao Tome and Principe,2031,184600.99
Sao Tome and Principe,2032,188584.61
Sao Tome and Principe,2033,192568.23
Sao Tome and Principe,2034,196551.85
Sao Tome and Principe,2035,200535.47
Saudi Arabia,2026,762572339.04
Saudi Arabia,2027,777665258.13
Saudi Arabia,2028,792758177.22
Saudi Arabia,2029,807851096.31
Saudi Arabia,2030,822944015.4
Saudi Arabia,2031,838036934.49
Saudi Arabia,2032,853129853.58
Saudi Arabia,2033,868222772.67
Saudi Arabia,2034,883315691.76
Saudi Arabia,2035,898408610.85
Senegal,2026,15438447.95
Senegal,2027,15981419.0
Senegal,2028,16524390.05
Senegal,2029,17067361.1
Senegal,2030,17610332.15
Senegal,2031,18153303.21
Senegal,2032,18696274.26
Senegal,2033,19239245.31
Senegal,2034,19782216.36
Senegal,2035,20325187.41
Serbia,2026,40754014.19
Serbia,2027,40314218.79
Serbia,2028,39874423.4
Serbia,2029,39434628.01
Serbia,2030,38994832.62
Serbia,2031,38555037.22
Serbia,2032,38115241.83
Serbia,2033,37675446.44
Serbia,2034,37235651.05
Serbia,2035,36795855.65
Seychelles,2026,687940.25
Seychelles,2027,703828.41
Seychelles,2028,719716.57
Seychelles,2029,735604.73
Seychelles,2030,751492.89
Seychelles,2031,767381.05
Seychelles,2032,783269.22
Seychelles,2033,799157.38
Seychelles,2034,815045.54
Seychelles,2035,830933.7
Sierra Leone,2026,1618260.96
Sierra Leone,2027,1675599.14
Sierra Leone,2028,1732937.33
Sierra Leone,2029,1790275.52
Sierra Leone,2030,1847613.71
Sierra Leone,2031,1904951.89
Sierra Leone,2032,1962290.08
Sierra Leone,2033,2019628.27
Sierra Leone,2034,2076966.46
Sierra Leone,2035,2134304.64
Singapore,2026,54032902.08
Singapore,2027,54674802.44
Singapore,2028,55316702.79
Singapore,2029,55958603.15
Singapore,2030,56600503.5
Singapore,2031,57242403.86
Singapore,2032,57884304.21
Singapore,2033,58526204.57
Singapore,2034,59168104.92
Singapore,2035,59810005.28
Sint Maarten (Dutch part),2026,739321.57
Sint Maarten (Dutch part),2027,745918.56
Sint Maarten (Dutch part),2028,752515.56
Sint Maarten (Dutch part),2029,759112.56
Sint Maarten (Dutch part),2030,765709.55
Sint Maarten (Dutch part),2031,772306.55
Sint Maarten (Dutch part),2032,778903.55
Sint Maarten (Dutch part),2033,785500.54
Sint Maarten (Dutch part),2034,792097.54
Sint Maarten (Dutch part),2035,798694.54
Slovakia,2026,29036105.24
Slovakia,2027,28426043.06
Slovakia,2028,27815980.88
Slovakia,2029,27205918.71
Slovakia,2030,26595856.53
Slovakia,2031,25985794.35
Slovakia,2032,25375732.17
Slovakia,2033,24765669.99
Slovakia,2034,24155607.81
Slovakia,2035,23545545.63
Slovenia,2026,11591520.8
Slovenia,2027,11303436.71
Slovenia,2028,11015352.62
Slovenia,2029,10727268.54
Slovenia,2030,10439184.45
Slovenia,2031,10151100.36
Slovenia,2032,9863016.27
Slovenia,2033,9574932.19
Slovenia,2034,9286848.1
Slovenia,2035,8998764.01
Solomon Islands,2026,289551.72
Solomon Islands,2027,287973.68
Solomon Islands,2028,286395.63
Solomon Islands,2029,284817.58
Solomon Islands,2030,283239.54
Solomon Islands,2031,281661.49
Solomon Islands,2032,280083.45
Solomon Islands,2033,278505.4
Solomon Islands,2034,276927.36
Solomon Islands,2035,275349.31
Somalia,2026,1349486.26
Somalia,2027,1385111.9
Somalia,2028,1420737.54
Somalia,2029,1456363.18
Somalia,2030,1491988.82
Somalia,2031,1527614.46
Somalia,2032,1563240.1
Somalia,2033,1598865.74
Somalia,2034,1634491.38
Somalia,2035,1670117.02
South Africa,2026,440515083.25
South Africa,2027,439268295.44
South Africa,2028,438021507.64
South Africa,2029,436774719.83
South Africa,2030,435527932.03
South Africa,2031,434281144.23
South Africa,2032,433034356.42
South Africa,2033,431787568.62
South Africa,2034,430540780.81
South Africa,2035,429293993.01
South America (GCP),2026,1174197000.59
South America (GCP),2027,1182998239.82
South America (GCP),2028,1191799479.05
South America (GCP),2029,1200600718.27
South America (GCP),2030,1209401957.5
South America (GCP),2031,1218203196.72
South America (GCP),2032,1227004435.95
South America (GCP),2033,1235805675.17
South America (GCP),2034,1244606914.4
South America (GCP),2035,1253408153.62
South Korea,2026,657825113.85
South Korea,2027,663112681.49
South Korea,2028,668400249.13
South Korea,2029,673687816.77
South Korea,2030,678975384.41
South Korea,2031,684262952.05
South Korea,2032,689550519.68
South Korea,2033,694838087.32
South Korea,2034,700125654.96
South Korea,2035,705413222.6
South Sudan,2026,1952490.44
South Sudan,2027,1995191.7
South Sudan,2028,2037892.95
South Sudan,2029,2080594.21
South Sudan,2030,2123295.46
South Sudan,2031,2165996.72
South Sudan,2032,2208697.97
South Sudan,2033,2251399.23
South Sudan,2034,2294100.48
South Sudan,2035,2336801.74
Spain,2026,189712447.98
Spain,2027,182268465.55
Spain,2028,174824483.11
Spain,2029,167380500.68
Spain,2030,159936518.24
Spain,2031,152492535.8
Spain,2032,145048553.37
Spain,2033,137604570.93
Spain,2034,130160588.5
Spain,2035,122716606.06
Sri Lanka,2026,23653314.06
Sri Lanka,2027,24242510.79
Sri Lanka,2028,24831707.53
Sri Lanka,2029,25420904.26
Sri Lanka,2030,26010100.99
Sri Lanka,2031,26599297.72
Sri Lanka,2032,27188494.45
Sri Lanka,2033,27777691.18
Sri Lanka,2034,28366887.92
Sri Lanka,2035,28956084.65
Sudan,2026,21285579.47
Sudan,2027,21703784.11
Sudan,2028,22121988.75
Sudan,2029,22540193.39
Sudan,2030,22958398.03
Sudan,2031,23376602.67
Sudan,2032,23794807.31
Sudan,2033,24213011.95
Sudan,2034,24631216.59
Sudan,2035,25049421.23
Suriname,2026,3171061.84
Suriname,2027,3229289.21
Suriname,2028,3287516.57
Suriname,2029,3345743.94
Suriname,2030,3403971.31
Suriname,2031,3462198.68
Suriname,2032,3520426.05
Suriname,2033,3578653.42
Suriname,2034,3636880.78
Suriname,2035,3695108.15
Sweden,2026,33461453.29
Sweden,2027,32486771.8
Sweden,2028,31512090.3
Sweden,2029,30537408.8
Sweden,2030,29562727.31
Sweden,2031,28588045.81
Sweden,2032,27613364.32
Sweden,2033,26638682.82
Sweden,2034,25664001.32
Sweden,2035,24689319.83
Switzerland,2026,30936857.83
Switzerland,2027,30189493.44
Switzerland,2028,29442129.04
Switzerland,2029,28694764.64
Switzerland,2030,27947400.25
Switzerland,2031,27200035.85
Switzerland,2032,26452671.45
Switzerland,2033,25705307.06
Switzerland,2034,24957942.66
Switzerland,2035,24210578.26
Syria,2026,20417473.72
Syria,2027,18454377.25
Syria,2028,16491280.79
Syria,2029,14528184.32
Syria,2030,12565087.85
Syria,2031,10601991.38
Syria,2032,8638894.92
Syria,2033,6675798.45
Syria,2034,4712701.98
Syria,2035,2749605.51
Taiwan,2026,276086807.57
Taiwan,2027,276282936.14
Taiwan,2028,276479064.71
Taiwan,2029,276675193.29
Taiwan,2030,276871321.86
Taiwan,2031,277067450.43
Taiwan,2032,277263579.0
Taiwan,2033,277459707.57
Taiwan,2034,277655836.14
Taiwan,2035,277851964.71
Tajikistan,2026,11622096.86
Tajikistan,2027,12135656.1
Tajikistan,2028,12649215.35
Tajikistan,2029,13162774.6
Tajikistan,2030,13676333.84
Tajikistan,2031,14189893.09
Tajikistan,2032,14703452.33
Tajikistan,2033,15217011.58
Tajikistan,2034,15730570.83
Tajikistan,2035,16244130.07
Tanzania,2026,21930609.51
Tanzania,2027,22790248.65
Tanzania,2028,23649887.79
Tanzania,2029,24509526.93
Tanzania,2030,25369166.07
Tanzania,2031,26228805.21
Tanzania,2032,27088444.35
Tanzania,2033,27948083.49
Tanzania,2034,28807722.63
Tanzania,2035,29667361.77
Thailand,2026,295989338.26
Thailand,2027,299333585.89
Thailand,2028,302677833.53
Thailand,2029,306022081.16
Thailand,2030,309366328.79
Thailand,2031,312710576.42
Thailand,2032,316054824.05
Thailand,2033,319399071.68
Thailand,2034,322743319.32
Thailand,2035,326087566.95
Togo,2026,2762702.35
Togo,2027,2815226.05
Togo,2028,2867749.76
Togo,2029,2920273.47
Togo,2030,2972797.18
Togo,2031,3025320.89
Togo,2032,3077844.59
Togo,2033,3130368.3
Togo,2034,3182892.01
Togo,2035,3235415.72
Tonga,2026,152707.98
Tonga,2027,154971.95
Tonga,2028,157235.91
Tonga,2029,159499.88
Tonga,2030,161763.84
Tonga,2031,164027.8
Tonga,2032,166291.77
Tonga,2033,168555.73
Tonga,2034,170819.69
Tonga,2035,173083.66
Trinidad and Tobago,2026,35890873.86
Trinidad and Tobago,2027,35385327.56
Trinidad and Tobago,2028,34879781.26
Trinidad and Tobago,2029,34374234.96
Trinidad and Tobago,2030,33868688.66
Trinidad and Tobago,2031,33363142.36
Trinidad and Tobago,2032,32857596.06
Trinidad and Tobago,2033,32352049.76
Trinidad and Tobago,2034,31846503.46
Trinidad and Tobago,2035,31340957.17
Tunisia,2026,34148893.92
Tunisia,2027,34625228.85
Tunisia,2028,35101563.79
Tunisia,2029,35577898.72
Tunisia,2030,36054233.65
Tunisia,2031,36530568.58
Tunisia,2032,37006903.52
Tunisia,2033,37483238.45
Tunisia,2034,37959573.38
Tunisia,2035,38435908.31
Turkey,2026,508939951.86
Turkey,2027,520100557.71
Turkey,2028,531261163.57
Turkey,2029,542421769.43
Turkey,2030,553582375.29
Turkey,2031,564742981.14
Turkey,2032,575903587.0
Turkey,2033,587064192.86
Turkey,2034,598224798.71
Turkey,2035,609385404.57
Turkmenistan,2026,89524817.75
Turkmenistan,2027,91563012.56
Turkmenistan,2028,93601207.36
Turkmenistan,2029,95639402.17
Turkmenistan,2030,97677596.97
Turkmenistan,2031,99715791.77
Turkmenistan,2032,101753986.58
Turkmenistan,2033,103792181.38
Turkmenistan,2034,105830376.19
Turkmenistan,2035,107868570.99
Turks and Caicos Islands,2026,411803.04
Turks and Caicos Islands,2027,420725.58
Turks and Caicos Islands,2028,429648.13
Turks and Caicos Islands,2029,438570.68
Turks and Caicos Islands,2030,447493.23
Turks and Caicos Islands,2031,456415.77
Turks and Caicos Islands,2032,465338.32
Turks and Caicos Islands,2033,474260.87
Turks and Caicos Islands,2034,483183.41
Turks and Caicos Islands,2035,492105.96
Tuvalu,2026,10232.01
Tuvalu,2027,10259.78
Tuvalu,2028,10287.55
Tuvalu,2029,10315.33
Tuvalu,2030,10343.1
Tuvalu,2031,10370.88
Tuvalu,2032,10398.65
Tuvalu,2033,10426.43
Tuvalu,2034,10454.2
Tuvalu,2035,10481.98
Uganda,2026,7150610.76
Uganda,2027,7388406.09
Uganda,2028,7626201.43
Uganda,2029,7863996.76
Uganda,2030,8101792.09
Uganda,2031,8339587.42
Uganda,2032,8577382.75
Uganda,2033,8815178.08
Uganda,2034,9052973.42
Uganda,2035,9290768.75
Ukraine,2026,134297307.86
Ukraine,2027,124117427.94
Ukraine,2028,113937548.02
Ukraine,2029,103757668.09
Ukraine,2030,93577788.17
Ukraine,2031,83397908.24
Ukraine,2032,73218028.32
Ukraine,2033,63038148.39
Ukraine,2034,52858268.47
Ukraine,2035,42678388.54
United Arab Emirates,2026,244505913.26
United Arab Emirates,2027,249062163.67
United Arab Emirates,2028,253618414.08
United Arab Emirates,2029,258174664.5
United Arab Emirates,2030,262730914.91
United Arab Emirates,2031,267287165.32
United Arab Emirates,2032,271843415.74
United Arab Emirates,2033,276399666.15
United Arab Emirates,2034,280955916.56
United Arab Emirates,2035,285512166.98
United Kingdom,2026,258960231.85
United Kingdom,2027,243754499.49
United Kingdom,2028,228548767.13
United Kingdom,2029,213343034.77
United Kingdom,2030,198137302.41
United Kingdom,2031,182931570.05
United Kingdom,2032,167725837.68
United Kingdom,2033,152520105.32
United Kingdom,2034,137314372.96
United Kingdom,2035,122108640.6
United States,2026,4672613532.71
United States,2027,4608327631.2
United States,2028,4544041729.7
United States,2029,4479755828.2
United States,2030,4415469926.69
United States,2031,4351184025.19
United States,2032,4286898123.68
United States,2033,4222612222.18
United States,2034,4158326320.68
United States,2035,4094040419.17
Uruguay,2026,7392333.94
Uruguay,2027,7421671.96
Uruguay,2028,7451009.98
Uruguay,2029,7480348.01
Uruguay,2030,7509686.03
Uruguay,2031,7539024.06
Uruguay,2032,7568362.08
Uruguay,2033,7597700.11
Uruguay,2034,7627038.13
Uruguay,2035,7656376.16
Uzbekistan,2026,115711081.01
Uzbekistan,2027,115703363.21
Uzbekistan,2028,115695645.4
Uzbekistan,2029,115687927.59
Uzbekistan,2030,115680209.78
Uzbekistan,2031,115672491.98
Uzbekistan,2032,115664774.17
Uzbekistan,2033,115657056.36
Uzbekistan,2034,115649338.55
Uzbekistan,2035,115641620.75
Vanuatu,2026,223445.87
Vanuatu,2027,230563.28
Vanuatu,2028,237680.68
Vanuatu,2029,244798.09
Vanuatu,2030,251915.49
Vanuatu,2031,259032.9
Vanuatu,2032,266150.31
Vanuatu,2033,273267.71
Vanuatu,2034,280385.12
Vanuatu,2035,287502.52
Venezuela,2026,100396337.54
Venezuela,2027,96649860.44
Venezuela,2028,92903383.34
Venezuela,2029,89156906.24
Venezuela,2030,85410429.14
Venezuela,2031,81663952.04
Venezuela,2032,77917474.94
Venezuela,2033,74170997.84
Venezuela,2034,70424520.74
Venezuela,2035,66678043.63
Vietnam,2026,396805703.61
Vietnam,2027,412709164.87
Vietnam,2028,428612626.13
Vietnam,2029,444516087.39
Vietnam,2030,460419548.66
Vietnam,2031,476323009.92
Vietnam,2032,492226471.18
Vietnam,2033,508129932.44
Vietnam,2034,524033393.7
Vietnam,2035,539936854.96
Wallis and Futuna,2026,29169.19
Wallis and Futuna,2027,29391.13
Wallis and Futuna,2028,29613.07
Wallis and Futuna,2029,29835.01
Wallis and Futuna,2030,30056.94
Wallis and Futuna,2031,30278.88
Wallis and Futuna,2032,30500.82
Wallis and Futuna,2033,30722.76
Wallis and Futuna,2034,30944.7
Wallis and Futuna,2035,31166.64
Yemen,2026,6045248.81
Yemen,2027,5039177.07
Yemen,2028,4033105.33
Yemen,2029,3027033.59
Yemen,2030,2020961.86
Yemen,2031,1014890.12
Yemen,2032,8818.38
Yemen,2033,0.0
Yemen,2034,0.0
Yemen,2035,0.0
Zambia,2026,12689216.88
Zambia,2027,13256681.27
Zambia,2028,13824145.66
Zambia,2029,14391610.05
Zambia,2030,14959074.44
Zambia,2031,15526538.83
Zambia,2032,16094003.22
Zambia,2033,16661467.61
Zambia,2034,17228931.99
Zambia,2035,17796396.38
Zimbabwe,2026,12283700.2
Zimbabwe,2027,12426358.09
Zimbabwe,2028,12569015.98
Zimbabwe,2029,12711673.86
Zimbabwe,2030,12854331.75
Zimbabwe,2031,12996989.64
Zimbabwe,2032,13139647.53
Zimbabwe,2033,13282305.41
Zimbabwe,2034,13424963.3
Zimbabwe,2035,13567621.19
